ds,pi,gap,nr_acc,gain,nV,nS,follow,ok
gpqa_extended,30448,0.0,1.0,-0.35,0,0,0.0,False
gpqa_extended,30449,0.09375,1.0,0.0,2,1,0.09375,False
gpqa_extended,30450,0.0,0.0,0.25,0,0,0.0,False
gpqa_extended,30451,0.0,0.625,-0.475,0,0,0.0,False
gpqa_extended,30452,0.075,0.0,0.0,0,4,0.125,False
gpqa_extended,30453,0.0,0.0,1.0,0,0,0.0,False
gpqa_extended,30454,0.25,0.375,-0.025000000000000022,5,3,0.25,False
gpqa_extended,30455,-0.0625,0.125,-0.024999999999999994,0,6,0.1875,False
gpqa_extended,30456,0.0,0.0,1.0,0,0,0.0,False
gpqa_extended,30457,0.16875,0.0,0.0,4,3,0.21875,False
gpqa_extended,30458,0.0,0.25,0.0,0,0,0.0,False
gpqa_extended,30459,0.525,0.0,0.5,1,27,0.875,False
gpqa_extended,30460,0.1875,0.0,0.0,3,3,0.1875,False
gpqa_extended,30461,0.46875,0.0,0.25,11,4,0.46875,False
gpqa_extended,30462,0.0,0.125,0.525,0,0,0.0,False
gpqa_extended,30463,0.0,0.625,-0.625,0,0,0.0,False
gpqa_extended,30464,0.0,0.5,0.5,0,0,0.0,False
gpqa_extended,30465,0.6375,0.125,0.325,11,19,0.9375,True
gpqa_extended,30466,0.0,0.125,0.42500000000000004,0,0,0.0,False
gpqa_extended,30467,-0.11249999999999999,0.625,-0.625,2,4,0.1875,False
gpqa_extended,30468,-0.018750000000000003,0.875,0.025000000000000022,0,1,0.03125,False
gpqa_extended,30469,0.0,0.5,0.5,0,0,0.0,False
gpqa_extended,30470,0.0,0.0,0.35,0,0,0.0,False
gpqa_extended,30471,0.09375,0.625,-0.575,3,0,0.09375,False
gpqa_extended,30472,0.075,0.5,0.09999999999999998,0,4,0.125,False
gpqa_extended,30473,0.0,0.0,0.0,0,32,1.0,False
gpqa_extended,30474,-0.018750000000000003,0.0,0.9,1,0,0.03125,False
gpqa_extended,30475,0.2,0.125,0.125,9,7,0.5,False
gpqa_extended,30476,0.0,1.0,0.0,0,0,0.0,False
gpqa_extended,30477,0.03125,0.125,-0.024999999999999994,1,0,0.03125,False
gpqa_extended,30478,0.0,0.75,-0.050000000000000044,0,0,0.0,False
gpqa_extended,30479,0.0,0.0,0.3,0,0,0.0,False
gpqa_extended,30480,0.0,0.75,0.19999999999999996,0,0,0.0,False
gpqa_extended,30481,-0.018750000000000003,0.0,0.7,0,1,0.03125,False
gpqa_extended,30482,0.0,0.0,0.0,0,0,0.0,False
gpqa_extended,30483,0.0,0.0,0.0,0,0,0.0,False
gpqa_extended,30484,0.0,0.375,0.625,0,0,0.0,False
gpqa_extended,30485,0.6375,0.0,0.0,24,6,0.9375,False
gpqa_extended,30486,-0.0062500000000000056,0.0,0.7,0,3,0.09375,False
gpqa_extended,30487,0.0,0.0,0.0,0,0,0.0,False
gpqa_extended,30488,0.84375,0.125,-0.125,12,15,0.84375,False
gpqa_extended,30489,0.09375,0.0,0.9,1,2,0.09375,False
gpqa_extended,30490,0.86875,0.5,0.19999999999999996,23,8,0.96875,False
gpqa_extended,30491,-0.018750000000000003,1.0,-0.050000000000000044,1,0,0.03125,False
gpqa_extended,30492,0.0,0.75,0.25,0,0,0.0,False
gpqa_extended,30493,0.03125,0.75,0.25,0,1,0.03125,False
gpqa_extended,30494,0.125,0.875,0.07499999999999996,0,4,0.125,False
gpqa_extended,30495,0.0,0.125,0.875,0,0,0.0,False
gpqa_extended,30496,0.0,0.0,1.0,0,0,0.0,False
gpqa_extended,30497,0.825,0.0,0.3,10,18,0.875,True
gpqa_extended,30498,0.5625,0.875,-0.32499999999999996,14,4,0.5625,False
gpqa_extended,30499,0.7125,0.0,0.05,6,20,0.8125,False
gpqa_extended,30500,0.0625,0.0,0.0,0,2,0.0625,False
gpqa_extended,30501,0.0,0.0,0.55,0,0,0.0,False
gpqa_extended,30502,0.125,0.125,0.575,7,5,0.375,False
gpqa_extended,30503,0.025000000000000022,0.125,0.175,2,10,0.375,False
gpqa_extended,30504,0.0,0.0,0.0,0,0,0.0,False
gpqa_extended,30505,0.5625,0.0,0.85,6,12,0.5625,True
gpqa_extended,30506,0.0,1.0,0.0,0,0,0.0,False
gpqa_extended,30507,0.0,0.875,0.125,0,0,0.0,False
gpqa_extended,30508,0.15625,0.0,0.45,5,8,0.40625,False
gpqa_extended,30509,0.0,1.0,0.0,0,0,0.0,False
gpqa_extended,30510,0.15625,0.0,1.0,1,4,0.15625,False
gpqa_extended,30511,0.0,1.0,0.0,0,0,0.0,False
gpqa_extended,30512,0.2125,0.125,0.22499999999999998,4,6,0.3125,False
gpqa_extended,30513,0.0,0.0,0.0,0,0,0.0,False
gpqa_extended,30514,0.0,0.0,1.0,0,0,0.0,False
gpqa_extended,30515,0.0,0.75,-0.75,0,0,0.0,False
gpqa_extended,30516,0.03125,0.0,1.0,0,1,0.03125,False
gpqa_extended,30517,-0.05,0.625,0.32499999999999996,0,0,0.0,False
gpqa_extended,30518,0.19999999999999996,0.125,-0.024999999999999994,0,32,1.0,False
gpqa_extended,30519,0.09375,0.375,0.475,2,1,0.09375,False
gpqa_extended,30520,0.0,0.875,0.125,0,0,0.0,False
gpqa_extended,30521,0.1875,1.0,-1.0,6,0,0.1875,False
gpqa_extended,30522,0.0,0.75,0.15000000000000002,0,0,0.0,False
gpqa_extended,30523,0.0,0.125,0.575,0,0,0.0,False
gpqa_extended,30524,-0.09999999999999998,0.0,0.6,0,8,0.25,False
gpqa_extended,30525,0.0625,0.75,-0.75,0,2,0.0625,False
gpqa_extended,30526,0.0,0.625,0.32499999999999996,0,0,0.0,False
gpqa_extended,30527,0.1375,0.0,0.15,2,12,0.4375,False
gpqa_extended,30528,0.13124999999999998,0.125,-0.075,3,14,0.53125,False
gpqa_extended,30529,0.45625,0.0,0.1,0,21,0.65625,False
gpqa_extended,30530,0.10625,0.0,0.0,2,3,0.15625,False
gpqa_extended,30531,0.0,0.0,0.0,0,0,0.0,False
gpqa_extended,30532,0.15000000000000002,0.0,0.0,15,17,1.0,False
gpqa_extended,30533,0.09375,0.25,0.09999999999999998,1,2,0.09375,False
gpqa_extended,30534,0.1375,0.375,-0.025000000000000022,1,13,0.4375,False
gpqa_extended,30535,-0.05,0.375,0.575,0,0,0.0,False
gpqa_extended,30536,0.0,1.0,0.0,0,0,0.0,False
gpqa_extended,30537,0.0625,0.0,0.0,1,1,0.0625,False
gpqa_extended,30538,0.29375,0.0,0.05,6,5,0.34375,False
gpqa_extended,30539,0.0,0.375,0.625,0,0,0.0,False
gpqa_extended,30540,0.25,0.5,0.44999999999999996,0,8,0.25,False
gpqa_extended,30541,0.36875,0.25,0.65,9,6,0.46875,False
gpqa_extended,30542,0.125,0.625,0.375,3,1,0.125,False
gpqa_extended,30543,0.175,0.375,0.07500000000000001,4,8,0.375,False
gpqa_extended,30544,0.1875,0.0,0.3,5,1,0.1875,False
gpqa_extended,30545,0.3,0.125,0.275,0,16,0.5,False
gpqa_extended,30546,0.03125,0.125,0.625,1,0,0.03125,False
gpqa_extended,30547,-0.05,0.0,0.05,0,0,0.0,False
gpqa_extended,30548,0.3375,0.25,0.04999999999999999,0,30,0.9375,False
gpqa_extended,30549,0.0,0.0,1.0,0,0,0.0,False
gpqa_extended,30550,0.3125,0.375,-0.025000000000000022,10,0,0.3125,False
gpqa_extended,30551,0.19999999999999996,0.375,-0.375,10,22,1.0,False
gpqa_extended,30552,0.06874999999999998,0.125,0.175,0,23,0.71875,False
gpqa_extended,30553,0.0,0.25,0.65,0,0,0.0,False
gpqa_extended,30554,0.0,0.125,0.875,0,0,0.0,False
gpqa_extended,30555,0.125,0.25,0.44999999999999996,1,3,0.125,False
gpqa_extended,30556,0.0625,0.0,0.3,0,2,0.0625,False
gpqa_extended,30557,0.0,0.375,0.375,0,0,0.0,False
gpqa_extended,30558,0.0,0.25,0.7,0,0,0.0,False
gpqa_extended,30559,0.0,0.25,0.55,0,0,0.0,False
gpqa_extended,30560,0.0,0.125,0.775,0,0,0.0,False
gpqa_extended,30561,-0.08125000000000004,0.375,-0.225,4,19,0.71875,False
gpqa_extended,30562,0.0,0.375,0.575,0,0,0.0,False
gpqa_extended,30563,0.125,0.0,0.15,1,3,0.125,False
gpqa_extended,30564,0.9375,0.0,0.15,21,9,0.9375,False
gpqa_extended,30565,0.0,0.25,0.7,0,0,0.0,False
gpqa_extended,30566,0.08125000000000004,0.0,0.25,5,20,0.78125,False
gpqa_extended,30567,0.03125,0.375,0.525,0,1,0.03125,False
gpqa_extended,30568,0.0,0.875,0.125,0,0,0.0,False
gpqa_extended,30569,0.2625,0.0,0.05,3,7,0.3125,False
gpqa_extended,30570,0.0,0.0,0.0,0,0,0.0,False
gpqa_extended,30571,0.0,0.375,-0.325,0,0,0.0,False
gpqa_extended,30572,0.26875,0.0,0.2,3,12,0.46875,False
gpqa_extended,30573,0.2,0.25,0.6,7,1,0.25,False
gpqa_extended,30574,0.0,0.25,0.5,0,0,0.0,False
gpqa_extended,30575,-0.07500000000000001,1.0,-0.75,1,3,0.125,False
gpqa_extended,30576,0.7125,0.0,0.0,21,5,0.8125,False
gpqa_extended,30577,0.0,0.0,0.0,0,0,0.0,False
gpqa_extended,30578,0.15625,0.25,0.4,3,2,0.15625,False
gpqa_extended,30579,0.21875,0.0,0.05,6,1,0.21875,False
gpqa_extended,30580,0.3125,0.375,-0.025000000000000022,3,15,0.5625,False
gpqa_extended,30581,-0.0062500000000000056,0.0,0.15,0,3,0.09375,False
gpqa_extended,30582,0.012499999999999997,1.0,-0.15000000000000002,0,2,0.0625,False
gpqa_extended,30583,0.03125,0.0,0.25,1,0,0.03125,False
gpqa_extended,30584,0.29375,0.0,0.6,6,5,0.34375,False
gpqa_extended,30585,0.0,0.0,0.55,0,0,0.0,False
gpqa_extended,30586,0.0,0.875,0.125,0,0,0.0,False
gpqa_extended,30587,0.0,0.375,0.525,0,0,0.0,False
gpqa_extended,30588,-0.0625,0.0,0.65,1,5,0.1875,False
gpqa_extended,30589,0.0,0.125,0.875,0,0,0.0,False
gpqa_extended,30590,0.1875,0.0,0.35,0,6,0.1875,False
gpqa_extended,30591,0.0,1.0,0.0,0,0,0.0,False
gpqa_extended,30592,0.29375,0.0,0.85,6,5,0.34375,False
gpqa_extended,30593,0.0,0.125,0.875,0,0,0.0,False
gpqa_extended,30594,0.0,0.0,0.25,0,0,0.0,False
gpqa_extended,30595,0.15625,0.25,0.0,1,4,0.15625,False
gpqa_extended,30596,0.23125,0.25,-0.2,0,9,0.28125,False
gpqa_extended,30597,0.46875,0.0,1.0,8,7,0.46875,False
gpqa_extended,30598,0.0,0.25,0.7,0,0,0.0,False
gpqa_extended,30599,0.0625,0.125,0.825,0,2,0.0625,False
gpqa_extended,30600,0.0,0.75,0.25,0,0,0.0,False
gpqa_extended,30601,0.024999999999999994,0.0,0.1,2,2,0.125,False
gpqa_extended,30602,0.056249999999999994,0.75,0.15000000000000002,0,5,0.15625,False
gpqa_extended,30603,0.125,0.25,0.65,1,3,0.125,False
gpqa_extended,30604,0.03125,0.0,0.7,1,0,0.03125,False
gpqa_extended,30605,0.25,0.0,0.0,6,2,0.25,False
gpqa_extended,30606,0.30625,0.0,0.0,10,3,0.40625,False
gpqa_extended,30607,-0.024999999999999994,0.75,-0.19999999999999996,1,3,0.125,False
gpqa_extended,30608,0.0,0.0,1.0,0,0,0.0,False
gpqa_extended,30609,0.23125,0.0,0.0,6,3,0.28125,False
gpqa_extended,30610,0.0625,0.0,0.75,1,1,0.0625,False
gpqa_extended,30611,0.018750000000000044,0.0,0.0,31,0,0.96875,False
gpqa_extended,30612,0.125,0.125,0.775,4,0,0.125,False
gpqa_extended,30613,0.0,0.0,0.4,0,0,0.0,False
gpqa_extended,30614,0.0,0.0,1.0,0,0,0.0,False
gpqa_extended,30615,0.0,0.125,0.825,0,0,0.0,False
gpqa_extended,30616,0.2625,0.0,0.0,1,17,0.5625,False
gpqa_extended,30617,0.2,0.0,0.6,1,7,0.25,False
gpqa_extended,30618,0.2375,0.0,0.4,8,6,0.4375,False
gpqa_extended,30619,0.0,0.75,0.25,0,0,0.0,False
gpqa_extended,30620,0.0,0.75,0.15000000000000002,0,0,0.0,False
gpqa_extended,30621,0.30625,0.0,0.05,7,6,0.40625,False
gpqa_extended,30622,0.13124999999999998,0.0,0.2,7,10,0.53125,False
gpqa_extended,30623,0.0,0.5,0.5,0,0,0.0,False
gpqa_extended,30624,0.9375,0.0,0.0,16,14,0.9375,False
gpqa_extended,30625,0.0,0.25,0.65,0,0,0.0,False
gpqa_extended,30626,0.15625,0.625,0.025000000000000022,2,11,0.40625,False
gpqa_extended,30627,0.18125,0.375,-0.325,0,9,0.28125,False
gpqa_extended,30628,0.1875,0.625,-0.375,0,6,0.1875,False
gpqa_extended,30629,0.04375,0.5,-0.25,1,2,0.09375,False
gpqa_extended,30630,0.15625,0.375,0.125,5,0,0.15625,False
gpqa_extended,30631,0.0,0.0,0.0,0,0,0.0,False
gpqa_extended,30632,0.0,1.0,0.0,0,0,0.0,False
gpqa_extended,30633,0.1875,0.625,-0.125,1,5,0.1875,False
gpqa_extended,30634,0.23125,0.0,0.25,1,16,0.53125,False
gpqa_extended,30635,0.0625,0.375,-0.225,2,0,0.0625,False
gpqa_extended,30636,0.0,0.0,0.95,0,0,0.0,False
gpqa_extended,30637,0.0,0.875,0.125,0,0,0.0,False
gpqa_extended,30638,0.0,0.0,0.0,0,0,0.0,False
gpqa_extended,30639,0.0,0.125,0.875,0,0,0.0,False
gpqa_extended,30640,-0.024999999999999994,0.0,0.25,3,1,0.125,False
gpqa_extended,30641,0.0,0.25,-0.25,0,0,0.0,False
gpqa_extended,30642,0.0,0.0,0.0,0,0,0.0,False
gpqa_extended,30643,0.08125000000000004,1.0,-0.9,1,24,0.78125,False
gpqa_extended,30644,0.0,0.25,-0.1,0,0,0.0,False
gpqa_extended,30645,0.0,0.5,0.09999999999999998,0,0,0.0,False
gpqa_extended,30646,0.0,0.0,1.0,0,0,0.0,False
gpqa_extended,30647,0.55,0.0,0.15,0,24,0.75,False
gpqa_extended,30648,0.21875,0.25,0.5,4,3,0.21875,False
gpqa_extended,30649,0.0,0.5,0.44999999999999996,0,0,0.0,False
gpqa_extended,30650,0.11875000000000002,0.25,0.0,1,22,0.71875,False
gpqa_extended,30651,0.36875,0.125,0.024999999999999994,3,12,0.46875,False
gpqa_extended,30652,0.0,0.5,0.44999999999999996,0,0,0.0,False
gpqa_extended,30653,0.03125,0.0,0.85,1,0,0.03125,False
gpqa_extended,30654,0.09375,0.375,0.575,1,2,0.09375,False
gpqa_extended,30655,0.16875,0.25,0.09999999999999998,3,4,0.21875,False
gpqa_extended,30656,0.0,0.0,1.0,0,0,0.0,False
gpqa_extended,30657,0.0,0.0,0.6,0,0,0.0,False
gpqa_extended,30658,0.0,0.875,-0.17500000000000004,0,0,0.0,False
gpqa_extended,30659,0.012499999999999997,0.0,0.0,0,2,0.0625,False
gpqa_extended,30660,0.0,0.0,0.6,0,0,0.0,False
gpqa_extended,30661,0.2,0.0,0.0,4,4,0.25,False
gpqa_extended,30662,0.09375,0.25,-0.2,2,1,0.09375,False
gpqa_extended,30663,0.26875,0.0,0.05,4,19,0.71875,False
gpqa_extended,30664,0.0,0.0,0.9,0,0,0.0,False
gpqa_extended,30665,0.0625,0.75,0.25,0,2,0.0625,False
gpqa_extended,30666,0.0,0.25,0.65,0,0,0.0,False
gpqa_extended,30667,0.0,0.375,0.575,0,0,0.0,False
gpqa_extended,30668,0.0,0.5,0.4,0,0,0.0,False
gpqa_extended,30669,0.0,1.0,0.0,0,0,0.0,False
gpqa_extended,30670,0.09375,0.75,0.25,0,3,0.09375,False
gpqa_extended,30671,-0.018750000000000003,1.0,-0.050000000000000044,0,1,0.03125,False
gpqa_extended,30672,0.0,0.0,0.3,0,0,0.0,False
gpqa_extended,30673,0.0,0.0,0.7,0,0,0.0,False
gpqa_extended,30674,0.0,0.0,0.0,5,27,1.0,False
gpqa_extended,30675,0.0,0.375,0.32499999999999996,0,0,0.0,False
gpqa_extended,30676,0.03125,0.0,1.0,0,1,0.03125,False
gpqa_extended,30677,0.21875,0.0,0.4,0,7,0.21875,False
gpqa_extended,30678,0.0,1.0,0.0,0,0,0.0,False
gpqa_extended,30679,0.34375,0.5,-0.4,2,9,0.34375,False
gpqa_extended,30680,-0.056249999999999994,0.5,0.15000000000000002,2,1,0.09375,False
gpqa_extended,30681,0.0,0.625,-0.275,0,0,0.0,False
gpqa_extended,30682,0.1875,0.0,0.3,4,2,0.1875,False
gpqa_extended,30683,0.1875,0.625,0.07499999999999996,4,2,0.1875,False
gpqa_extended,30684,0.2875,0.0,0.0,6,24,0.9375,False
gpqa_extended,30685,0.03125,0.0,0.85,0,1,0.03125,False
gpqa_extended,30686,0.0,0.625,0.375,0,0,0.0,False
gpqa_extended,30687,0.0,0.0,0.45,0,0,0.0,False
gpqa_extended,30688,0.0,0.0,0.0,0,32,1.0,False
gpqa_extended,30689,-0.05,0.625,0.32499999999999996,0,0,0.0,False
gpqa_extended,30690,0.28125,0.0,0.75,2,15,0.53125,False
gpqa_extended,30691,0.0,0.125,0.625,0,0,0.0,False
gpqa_extended,30692,0.0,0.5,0.44999999999999996,0,0,0.0,False
gpqa_extended,30693,-0.13124999999999998,0.0,0.05,4,19,0.71875,False
gpqa_extended,30694,0.0,0.0,0.3,0,0,0.0,False
gpqa_extended,30695,0.0,0.375,0.32499999999999996,0,0,0.0,False
gpqa_extended,30696,0.0,0.0,0.85,0,0,0.0,False
gpqa_extended,30697,0.0,0.625,0.375,0,0,0.0,False
gpqa_extended,30698,0.0,0.0,0.9,0,0,0.0,False
gpqa_extended,30699,0.09375,0.125,-0.024999999999999994,2,1,0.09375,False
gpqa_extended,30700,0.0,0.0,0.0,0,0,0.0,False
gpqa_extended,30701,0.0,0.125,0.775,0,0,0.0,False
gpqa_extended,30702,0.0,0.5,0.5,0,0,0.0,False
gpqa_extended,30703,0.15625,0.25,0.09999999999999998,3,2,0.15625,False
gpqa_extended,30704,0.0,0.0,0.0,0,0,0.0,False
gpqa_extended,30705,0.5625,0.0,0.0,4,22,0.8125,False
gpqa_extended,30706,0.0,0.875,-0.775,0,0,0.0,False
gpqa_extended,30707,0.0,1.0,-0.050000000000000044,0,0,0.0,False
gpqa_extended,30708,-0.05,0.125,0.525,0,0,0.0,False
gpqa_extended,30709,0.0,0.0,0.65,0,0,0.0,False
gpqa_extended,30710,0.0,0.0,0.9,0,0,0.0,False
gpqa_extended,30711,0.39375,0.25,-0.1,5,22,0.84375,False
gpqa_extended,30712,0.0,0.125,0.22499999999999998,0,0,0.0,False
gpqa_extended,30713,0.69375,0.0,0.0,1,26,0.84375,False
gpqa_extended,30714,0.0,0.125,0.875,0,0,0.0,False
gpqa_extended,30715,0.0,0.0,0.85,0,0,0.0,False
gpqa_extended,30716,0.0,0.25,-0.25,0,0,0.0,False
gpqa_extended,30717,0.056249999999999994,0.125,0.175,0,5,0.15625,False
gpqa_extended,30718,0.0,0.75,-0.25,0,0,0.0,False
gpqa_extended,30719,0.0,0.25,0.65,0,0,0.0,False
gpqa_extended,30720,0.1375,0.125,0.775,5,1,0.1875,False
gpqa_extended,30721,0.0,0.0,1.0,0,0,0.0,False
gpqa_extended,30722,0.2,0.5,0.44999999999999996,4,4,0.25,False
gpqa_extended,30723,0.15625,0.25,0.30000000000000004,2,3,0.15625,False
gpqa_extended,30724,-0.012500000000000011,0.125,-0.024999999999999994,2,12,0.4375,False
gpqa_extended,30725,0.10625,0.25,-0.15,2,3,0.15625,False
gpqa_extended,30726,0.0,0.125,0.875,0,0,0.0,False
gpqa_extended,30727,0.0,0.0,0.0,0,0,0.0,False
gpqa_extended,30728,0.0,0.125,0.325,0,0,0.0,False
gpqa_extended,30729,0.125,0.125,0.125,7,13,0.625,False
gpqa_extended,30730,0.0,0.0,0.0,0,0,0.0,False
gpqa_extended,30731,0.0,0.0,0.0,0,0,0.0,False
gpqa_extended,30732,0.0,0.75,0.25,0,0,0.0,False
gpqa_extended,30733,0.1,0.5,0.0,0,8,0.25,False
gpqa_extended,30734,0.50625,0.0,0.1,1,20,0.65625,False
gpqa_extended,30735,0.09999999999999998,0.0,0.0,9,23,1.0,False
gpqa_extended,30736,0.0,0.625,0.275,0,0,0.0,False
gpqa_extended,30737,0.0,0.125,0.825,0,0,0.0,False
gpqa_extended,30738,0.10625,0.0,0.0,2,3,0.15625,False
gpqa_extended,30739,0.0,0.375,0.32499999999999996,0,0,0.0,False
gpqa_extended,30740,0.0,0.0,0.5,0,0,0.0,False
gpqa_extended,30741,-0.08124999999999999,0.125,0.325,1,6,0.21875,False
gpqa_extended,30742,0.2375,0.125,0.22499999999999998,2,12,0.4375,False
gpqa_extended,30743,0.0,1.0,0.0,0,0,0.0,False
gpqa_extended,30744,0.0,0.0,0.5,0,0,0.0,False
gpqa_extended,30745,0.78125,0.0,0.0,16,9,0.78125,False
gpqa_extended,30746,0.525,0.125,-0.024999999999999994,5,15,0.625,False
gpqa_extended,30747,0.0,0.5,-0.4,0,0,0.0,False
gpqa_extended,30748,0.10625,0.375,0.475,0,5,0.15625,False
gpqa_extended,30749,0.06874999999999998,0.0,0.0,6,25,0.96875,False
gpqa_extended,30750,0.03125,0.125,0.875,0,1,0.03125,False
gpqa_extended,30751,-0.05,0.0,0.0,0,0,0.0,False
gpqa_extended,30752,0.0625,0.5,-0.25,2,0,0.0625,False
gpqa_extended,30753,0.0,1.0,0.0,0,0,0.0,False
gpqa_extended,30754,0.34375,0.375,0.07500000000000001,1,26,0.84375,False
gpqa_extended,30755,0.0,0.0,0.9,0,0,0.0,False
gpqa_extended,30756,0.08750000000000002,0.0,0.0,2,28,0.9375,False
gpqa_extended,30757,0.0,0.0,0.05,0,0,0.0,False
gpqa_extended,30758,0.5625,0.0,0.0,6,12,0.5625,False
gpqa_extended,30759,0.775,0.0,0.3,3,25,0.875,True
gpqa_extended,30760,0.04999999999999999,0.875,-0.32499999999999996,0,16,0.5,False
gpqa_extended,30761,0.03125,0.125,-0.125,0,1,0.03125,False
gpqa_extended,30762,0.0,0.0,0.0,0,0,0.0,False
gpqa_extended,30763,0.0625,0.0,0.0,1,1,0.0625,False
gpqa_extended,30764,0.0,1.0,0.0,0,0,0.0,False
gpqa_extended,30765,0.25,0.375,-0.225,9,23,1.0,False
gpqa_extended,30766,0.575,0.0,0.0,1,27,0.875,False
gpqa_extended,30767,0.60625,0.25,-0.1,2,27,0.90625,False
gpqa_extended,30768,0.03125,0.0,0.15,0,1,0.03125,False
gpqa_extended,30769,0.11875,0.125,-0.125,4,3,0.21875,False
gpqa_extended,30770,0.225,0.625,0.17500000000000004,0,12,0.375,False
gpqa_extended,30771,0.10625,0.0,0.0,1,4,0.15625,False
gpqa_extended,30772,0.0,0.0,0.75,0,0,0.0,False
gpqa_extended,30773,0.375,0.0,0.15,5,15,0.625,False
gpqa_extended,30774,0.35625,0.25,-0.1,3,10,0.40625,False
gpqa_extended,30775,0.5,0.25,0.15000000000000002,8,24,1.0,False
gpqa_extended,30776,0.28125,0.25,0.44999999999999996,5,4,0.28125,False
gpqa_extended,30777,0.0625,0.25,-0.25,0,2,0.0625,False
gpqa_extended,30778,0.0,0.0,0.75,0,0,0.0,False
gpqa_extended,30779,0.0,0.0,0.9,0,0,0.0,False
gpqa_extended,30780,0.0625,0.75,0.09999999999999998,2,0,0.0625,False
gpqa_extended,30781,0.09375,0.25,0.35,1,10,0.34375,False
gpqa_extended,30782,0.0625,0.0,0.1,0,2,0.0625,False
gpqa_extended,30783,0.04375,0.25,0.6,0,3,0.09375,False
gpqa_extended,30784,0.0,0.375,-0.325,0,0,0.0,False
gpqa_extended,30785,0.21875,0.0,0.0,0,7,0.21875,False
gpqa_extended,30786,0.0,0.625,0.32499999999999996,0,0,0.0,False
gpqa_extended,30787,0.45,1.0,-0.95,13,11,0.75,False
gpqa_extended,30788,0.34375,0.5,-0.25,4,7,0.34375,False
gpqa_extended,30789,0.03125,0.125,-0.024999999999999994,0,1,0.03125,False
gpqa_extended,30790,0.0,0.0,0.05,0,0,0.0,False
gpqa_extended,30791,0.0,0.0,0.9,0,0,0.0,False
gpqa_extended,30792,0.71875,0.375,-0.375,21,2,0.71875,False
gpqa_extended,30793,0.0,0.75,0.25,0,0,0.0,False
gpqa_extended,30794,0.0,1.0,0.0,0,0,0.0,False
gpqa_extended,30795,-0.13749999999999996,0.125,-0.125,11,15,0.8125,False
gpqa_extended,30796,0.0,0.375,0.625,0,0,0.0,False
gpqa_extended,30797,0.0,0.5,-0.5,0,0,0.0,False
gpqa_extended,30798,0.0,0.0,1.0,0,0,0.0,False
gpqa_extended,30799,0.0,0.25,0.75,0,0,0.0,False
gpqa_extended,30800,0.1875,1.0,-0.050000000000000044,6,0,0.1875,False
gpqa_extended,30801,0.1375,0.375,-0.025000000000000022,3,3,0.1875,False
gpqa_extended,30802,0.0,0.5,0.5,0,0,0.0,False
gpqa_extended,30803,0.0,0.625,-0.325,0,0,0.0,False
gpqa_extended,30805,0.0,0.0,0.3,0,0,0.0,False
gpqa_extended,30806,0.0,0.125,0.375,0,0,0.0,False
gpqa_extended,30807,-0.043749999999999956,0.0,0.0,0,21,0.65625,False
gpqa_extended,30808,0.0,0.0,0.75,0,0,0.0,False
gpqa_extended,30809,0.0,0.0,0.0,0,0,0.0,False
gpqa_extended,30810,0.03125,0.0,0.95,1,0,0.03125,False
gpqa_extended,30811,0.0,1.0,0.0,0,0,0.0,False
gpqa_extended,30812,0.03125,0.875,-0.825,1,0,0.03125,False
gpqa_extended,30813,0.0,1.0,-0.050000000000000044,0,0,0.0,False
gpqa_extended,30814,0.28125,0.5,-0.15000000000000002,6,3,0.28125,False
gpqa_extended,30815,0.14375000000000004,0.5,-0.2,0,27,0.84375,False
gpqa_extended,30816,0.0,0.375,0.625,0,0,0.0,False
gpqa_extended,30817,0.44375,0.0,0.5,4,23,0.84375,False
gpqa_extended,30818,0.03125,0.375,0.625,0,1,0.03125,False
gpqa_extended,30819,0.0,1.0,0.0,0,0,0.0,False
gpqa_extended,30820,0.0,0.0,0.95,0,0,0.0,False
gpqa_extended,30821,-0.037500000000000006,0.25,0.4,0,2,0.0625,False
gpqa_extended,30822,0.15625,0.0,0.65,1,4,0.15625,False
gpqa_extended,30823,0.0,0.625,0.32499999999999996,0,0,0.0,False
gpqa_extended,30824,0.04375,0.5,-0.15000000000000002,0,3,0.09375,False
gpqa_extended,30825,0.0875,0.0,0.05,0,6,0.1875,False
gpqa_extended,30826,0.0,0.0,1.0,0,0,0.0,False
gpqa_extended,30827,0.03125,0.75,0.15000000000000002,0,1,0.03125,False
gpqa_extended,30828,0.0,0.0,1.0,0,0,0.0,False
gpqa_extended,30829,0.5125,0.0,0.85,9,9,0.5625,True
gpqa_extended,30830,0.125,1.0,-0.19999999999999996,4,0,0.125,False
gpqa_extended,30831,0.0625,0.125,0.775,1,1,0.0625,False
gpqa_extended,30832,0.0,0.75,0.25,0,0,0.0,False
gpqa_extended,30833,0.0,1.0,-0.050000000000000044,0,0,0.0,False
gpqa_extended,30834,0.0875,0.0,0.0,2,4,0.1875,False
gpqa_extended,30835,0.0,0.0,0.0,0,32,1.0,False
gpqa_extended,30836,0.0,1.0,0.0,0,0,0.0,False
gpqa_extended,30837,0.0,1.0,0.0,0,0,0.0,False
gpqa_extended,30838,0.0625,0.375,-0.125,2,0,0.0625,False
gpqa_extended,30839,0.0,0.25,-0.25,0,32,1.0,False
gpqa_extended,30840,0.0,0.0,1.0,0,0,0.0,False
gpqa_extended,30841,0.0625,0.375,0.275,1,1,0.0625,False
gpqa_extended,30842,0.0,0.125,-0.075,0,0,0.0,False
gpqa_extended,30843,0.325,0.0,0.15,8,4,0.375,False
gpqa_extended,30844,-0.05,0.0,0.5,0,0,0.0,False
gpqa_extended,30845,0.0625,0.75,0.25,0,2,0.0625,False
gpqa_extended,30846,0.0,0.0,0.45,0,0,0.0,False
gpqa_extended,30847,0.0,1.0,0.0,0,0,0.0,False
gpqa_extended,30848,-0.043749999999999956,1.0,-0.95,1,28,0.90625,False
gpqa_extended,30849,1.0,0.0,0.0,3,29,1.0,False
gpqa_extended,30850,0.0,0.0,0.65,0,0,0.0,False
gpqa_extended,30851,0.09375,0.375,-0.325,1,2,0.09375,False
gpqa_extended,30852,0.0,0.375,0.625,0,0,0.0,False
gpqa_extended,30853,0.0,0.125,-0.125,0,0,0.0,False
gpqa_extended,30854,0.2375,0.625,-0.575,1,21,0.6875,False
gpqa_extended,30855,0.0,0.0,1.0,0,0,0.0,False
gpqa_extended,30856,0.0,0.0,1.0,0,0,0.0,False
gpqa_extended,30857,0.725,0.375,0.42500000000000004,3,25,0.875,True
gpqa_extended,30858,-0.05,0.0,0.8,0,0,0.0,False
gpqa_extended,30859,0.45,0.0,0.0,5,19,0.75,False
gpqa_extended,30860,0.0,0.0,0.45,0,0,0.0,False
gpqa_extended,30861,0.17500000000000004,0.0,0.0,0,28,0.875,False
gpqa_extended,30862,0.0,0.0,0.0,0,0,0.0,False
gpqa_extended,30863,0.25,0.5,-0.5,2,6,0.25,False
gpqa_extended,30864,0.0,0.25,-0.25,0,0,0.0,False
gpqa_extended,30865,0.0,0.0,0.7,0,0,0.0,False
gpqa_extended,30866,0.0,0.75,0.25,0,0,0.0,False
gpqa_extended,30867,0.0,1.0,0.0,0,0,0.0,False
gpqa_extended,30868,0.3125,0.0,0.4,8,2,0.3125,False
gpqa_extended,30869,0.012499999999999997,0.25,0.2,1,1,0.0625,False
gpqa_extended,30870,0.0,1.0,0.0,0,0,0.0,False
gpqa_extended,30871,0.21875,0.5,0.44999999999999996,7,0,0.21875,False
gpqa_extended,30872,0.0,1.0,-0.050000000000000044,0,0,0.0,False
gpqa_extended,30873,0.0,0.75,0.19999999999999996,0,0,0.0,False
gpqa_extended,30874,0.0,0.0,0.15,0,0,0.0,False
gpqa_extended,30875,0.0,0.125,0.775,0,0,0.0,False
gpqa_extended,30876,0.0,0.625,0.125,0,0,0.0,False
gpqa_extended,30877,0.25,0.25,0.6,5,3,0.25,False
gpqa_extended,30878,0.0,0.125,0.875,0,0,0.0,False
gpqa_extended,30879,0.11249999999999999,0.0,0.55,2,8,0.3125,False
gpqa_extended,30880,0.03125,0.0,0.95,1,0,0.03125,False
gpqa_extended,30881,0.0,0.125,0.775,0,0,0.0,False
gpqa_extended,30882,0.0,0.625,0.32499999999999996,0,0,0.0,False
gpqa_extended,30883,0.0,0.625,0.375,0,0,0.0,False
gpqa_extended,30884,0.0,0.5,0.5,0,0,0.0,False
gpqa_extended,30885,0.10625,0.5,-0.3,2,3,0.15625,False
gpqa_extended,30886,0.0,0.0,0.0,0,0,0.0,False
gpqa_extended,30887,0.15625,0.125,0.07500000000000001,4,1,0.15625,False
gpqa_extended,30888,0.84375,0.25,0.2,4,23,0.84375,True
gpqa_extended,30889,0.4125,0.0,0.15,17,1,0.5625,False
gpqa_extended,30890,-0.018750000000000003,0.875,0.025000000000000022,0,1,0.03125,False
gpqa_extended,30891,0.66875,0.0,0.05,1,22,0.71875,False
gpqa_extended,30892,0.16874999999999996,0.375,-0.325,5,26,0.96875,False
gpqa_extended,30893,0.0,0.125,0.675,0,0,0.0,False
gpqa_extended,30894,0.4375,0.125,-0.125,0,14,0.4375,False
gpqa_extended,30895,0.10625000000000001,0.0,0.6,8,5,0.40625,False
gpqa_extended,30896,0.07499999999999996,0.0,0.0,3,25,0.875,False
gpqa_extended,30897,0.0,1.0,-0.30000000000000004,0,0,0.0,False
gpqa_extended,30898,0.0,0.625,0.32499999999999996,0,0,0.0,False
gpqa_extended,30899,-0.012500000000000011,0.0,0.0,0,6,0.1875,False
gpqa_extended,30900,0.0625,0.0,0.05,1,1,0.0625,False
gpqa_extended,30901,0.0,0.75,0.15000000000000002,0,0,0.0,False
gpqa_extended,30902,0.0625,0.0,0.5,0,2,0.0625,False
gpqa_extended,30903,0.09999999999999998,0.5,-0.4,2,30,1.0,False
gpqa_extended,30904,0.0875,0.625,0.17500000000000004,0,6,0.1875,False
gpqa_extended,30905,0.04375,0.375,-0.125,0,3,0.09375,False
gpqa_extended,30906,0.0,0.0,1.0,0,0,0.0,False
gpqa_extended,30907,0.0,0.125,0.875,0,0,0.0,False
gpqa_extended,30908,0.09375,0.0,0.95,2,1,0.09375,False
gpqa_extended,30909,0.0,0.0,0.95,0,0,0.0,False
gpqa_extended,30910,0.0,0.375,0.625,0,0,0.0,False
gpqa_extended,30911,0.325,0.125,-0.075,4,16,0.625,False
gpqa_extended,30912,0.0,0.125,0.825,0,0,0.0,False
gpqa_extended,30913,0.0,0.75,-0.25,0,0,0.0,False
gpqa_extended,30914,-0.018750000000000003,0.0,0.9,0,1,0.03125,False
gpqa_extended,30915,0.2625,0.625,0.275,2,8,0.3125,False
gpqa_extended,30916,0.25,0.0,0.05,5,11,0.5,False
gpqa_extended,30917,0.3875,0.25,0.30000000000000004,3,11,0.4375,False
gpqa_extended,30918,0.46875,0.375,0.07500000000000001,12,3,0.46875,False
gpqa_extended,30919,0.0,0.5,0.5,0,0,0.0,False
gpqa_extended,30920,0.725,0.375,-0.175,2,26,0.875,False
gpqa_extended,30921,0.0,0.75,0.25,0,0,0.0,False
gpqa_extended,30922,0.037500000000000006,0.375,0.475,2,4,0.1875,False
gpqa_extended,30923,0.0,0.0,0.95,0,0,0.0,False
gpqa_extended,30924,0.1875,0.625,0.125,3,3,0.1875,False
gpqa_extended,30925,0.09375,0.125,0.07500000000000001,2,1,0.09375,False
gpqa_extended,30926,0.4125,0.0,0.0,12,6,0.5625,False
gpqa_extended,30927,0.0,0.0,0.95,0,0,0.0,False
gpqa_extended,30928,0.41875,1.0,-0.050000000000000044,6,9,0.46875,False
gpqa_extended,30929,0.0,0.75,-0.5,0,0,0.0,False
gpqa_extended,30930,0.36875,0.25,0.04999999999999999,5,10,0.46875,False
gpqa_extended,30931,0.0,0.0,1.0,0,0,0.0,False
gpqa_extended,30932,0.08750000000000002,0.0,0.0,0,30,0.9375,False
gpqa_extended,30933,0.4875,0.0,0.1,1,21,0.6875,False
gpqa_extended,30934,0.0625,0.25,0.44999999999999996,2,0,0.0625,False
gpqa_extended,30935,0.024999999999999994,0.0,0.0,2,2,0.125,False
gpqa_extended,30936,0.0,0.0,0.15,0,0,0.0,False
gpqa_extended,30937,0.2,0.75,-0.4,0,8,0.25,False
gpqa_extended,30938,0.0,1.0,0.0,0,0,0.0,False
gpqa_extended,30939,0.03125,1.0,-0.9,1,0,0.03125,False
gpqa_extended,30940,0.03125,1.0,-0.55,0,1,0.03125,False
gpqa_extended,30941,0.66875,0.125,-0.024999999999999994,5,18,0.71875,False
gpqa_extended,30942,0.0,0.625,0.32499999999999996,0,0,0.0,False
gpqa_extended,30943,0.0,0.875,-0.025000000000000022,0,0,0.0,False
gpqa_extended,30944,0.31875,0.0,0.45,3,12,0.46875,False
gpqa_extended,30945,0.4375,0.0,0.25,6,16,0.6875,False
gpqa_extended,30946,0.875,0.0,0.0,13,15,0.875,False
gpqa_extended,30947,0.03125,0.375,0.625,1,0,0.03125,False
gpqa_extended,30948,0.0,0.125,0.875,0,0,0.0,False
gpqa_extended,30949,0.0,0.75,0.25,0,0,0.0,False
gpqa_extended,30950,0.0625,0.0,0.95,1,1,0.0625,False
gpqa_extended,30951,0.11875000000000002,0.625,-0.525,1,22,0.71875,False
gpqa_extended,30952,0.0,0.0,0.5,0,0,0.0,False
gpqa_extended,30953,0.08124999999999999,0.0,0.6,2,7,0.28125,False
gpqa_extended,30954,0.0625,0.0,0.85,0,2,0.0625,False
gpqa_extended,30955,0.38125,0.0,0.05,3,14,0.53125,False
gpqa_extended,30956,0.14375,0.0,0.5,0,19,0.59375,False
gpqa_extended,30957,0.09375,0.625,0.375,1,2,0.09375,False
gpqa_extended,30958,0.24375,0.75,-0.6,2,9,0.34375,False
gpqa_extended,30959,0.23125,0.5,0.44999999999999996,8,1,0.28125,False
gpqa_extended,30960,0.0,0.0,0.6,0,0,0.0,False
gpqa_extended,30961,0.09375,0.5,-0.3,0,3,0.09375,False
gpqa_extended,30962,0.03125,0.5,0.5,0,1,0.03125,False
gpqa_extended,30963,-0.05,0.0,0.95,0,0,0.0,False
gpqa_extended,30964,0.0,0.0,0.8,0,0,0.0,False
gpqa_extended,30965,0.58125,0.125,-0.125,9,16,0.78125,False
gpqa_extended,30966,0.0,0.0,0.1,0,0,0.0,False
gpqa_extended,30967,0.03125,0.0,1.0,0,1,0.03125,False
gpqa_extended,30968,0.09375,0.25,0.30000000000000004,0,3,0.09375,False
gpqa_extended,30969,0.0,0.75,0.25,0,0,0.0,False
gpqa_extended,30970,0.2,1.0,-0.050000000000000044,0,8,0.25,False
gpqa_extended,30971,0.125,0.0,0.05,0,4,0.125,False
gpqa_extended,30972,0.0,0.125,-0.125,0,0,0.0,False
gpqa_extended,30973,0.0,0.75,0.25,0,0,0.0,False
gpqa_extended,30974,0.0,0.0,0.7,0,0,0.0,False
gpqa_extended,30975,0.03125,0.75,-0.050000000000000044,0,1,0.03125,False
gpqa_extended,30976,0.0,1.0,0.0,0,0,0.0,False
gpqa_extended,30977,0.03125,0.375,0.575,0,1,0.03125,False
gpqa_extended,30978,0.0,0.0,0.65,0,0,0.0,False
gpqa_extended,30979,-0.05,0.125,-0.125,0,0,0.0,False
gpqa_extended,30980,0.0,0.0,0.75,0,0,0.0,False
gpqa_extended,30981,0.0,0.625,-0.475,0,0,0.0,False
gpqa_extended,30982,0.0,0.75,0.25,0,0,0.0,False
gpqa_extended,30983,0.0875,0.125,0.175,0,6,0.1875,False
gpqa_extended,30984,0.0,0.25,0.7,0,0,0.0,False
gpqa_extended,30985,0.25,0.25,-0.04999999999999999,0,8,0.25,False
gpqa_extended,30986,0.15625,0.75,0.09999999999999998,5,0,0.15625,False
gpqa_extended,30987,0.21875,0.875,-0.07499999999999996,0,7,0.21875,False
gpqa_extended,30988,0.0,0.75,0.25,0,0,0.0,False
gpqa_extended,30989,0.5875,0.125,0.325,3,19,0.6875,True
gpqa_extended,30990,0.28125,0.0,0.25,9,8,0.53125,False
gpqa_extended,30991,0.0,0.0,0.6,0,0,0.0,False
gpqa_extended,30992,0.0,0.375,0.475,0,0,0.0,False
gpqa_extended,30993,0.0,0.375,0.17500000000000004,0,0,0.0,False
gpqa_main,30000,0.0,1.0,-0.050000000000000044,0,0,0.0,False
gpqa_main,30001,0.03125,1.0,0.0,1,0,0.03125,False
gpqa_main,30002,0.09375,0.5,-0.4,3,0,0.09375,False
gpqa_main,30003,0.0,0.625,-0.625,0,0,0.0,False
gpqa_main,30004,0.10624999999999996,0.0,0.0,3,26,0.90625,False
gpqa_main,30005,0.0,0.25,0.75,0,0,0.0,False
gpqa_main,30006,0.40625,0.0,0.15,10,3,0.40625,False
gpqa_main,30007,0.0,0.0,1.0,0,0,0.0,False
gpqa_main,30008,0.012500000000000011,0.125,0.375,0,10,0.3125,False
gpqa_main,30009,0.3125,0.5,0.19999999999999996,2,8,0.3125,False
gpqa_main,30010,0.0625,0.375,-0.375,1,1,0.0625,False
gpqa_main,30011,0.0,0.5,-0.45,0,0,0.0,False
gpqa_main,30012,0.0,0.75,0.050000000000000044,0,0,0.0,False
gpqa_main,30013,0.0,0.0,0.6,0,0,0.0,False
gpqa_main,30014,0.15625,1.0,-0.09999999999999998,0,5,0.15625,False
gpqa_main,30015,0.0,0.875,0.125,0,0,0.0,False
gpqa_main,30016,0.03125,0.25,-0.1,0,1,0.03125,False
gpqa_main,30017,0.0,0.875,-0.07499999999999996,0,0,0.0,False
gpqa_main,30018,0.0,0.125,0.775,0,0,0.0,False
gpqa_main,30019,0.10625,0.25,-0.04999999999999999,4,1,0.15625,False
gpqa_main,30020,0.0,1.0,0.0,0,0,0.0,False
gpqa_main,30021,0.03125,0.25,0.65,0,1,0.03125,False
gpqa_main,30022,0.03125,0.125,-0.024999999999999994,0,1,0.03125,False
gpqa_main,30023,0.0,0.375,0.625,0,0,0.0,False
gpqa_main,30024,0.0,0.0,0.8,0,0,0.0,False
gpqa_main,30025,0.0,0.0,0.0,0,0,0.0,False
gpqa_main,30026,0.51875,0.0,0.1,22,9,0.96875,False
gpqa_main,30027,0.0,0.5,-0.5,0,0,0.0,False
gpqa_main,30028,0.0,0.625,0.375,0,0,0.0,False
gpqa_main,30029,0.3,0.5,-0.2,13,3,0.5,False
gpqa_main,30030,0.03125,0.375,0.575,1,0,0.03125,False
gpqa_main,30031,0.0,0.75,0.25,0,0,0.0,False
gpqa_main,30032,0.0,0.375,0.625,0,0,0.0,False
gpqa_main,30033,0.0,0.0,1.0,0,0,0.0,False
gpqa_main,30034,0.90625,0.125,0.275,9,20,0.90625,True
gpqa_main,30035,0.40625,1.0,-0.30000000000000004,11,2,0.40625,False
gpqa_main,30036,0.53125,0.0,0.15,2,23,0.78125,False
gpqa_main,30037,0.71875,0.0,0.0,2,29,0.96875,False
gpqa_main,30038,-0.11875000000000002,0.375,0.125,1,8,0.28125,False
gpqa_main,30039,0.0,0.5,0.050000000000000044,0,0,0.0,False
gpqa_main,30040,0.11249999999999999,0.25,-0.1,7,11,0.5625,False
gpqa_main,30041,0.0625,0.0,0.0,2,0,0.0625,False
gpqa_main,30042,0.0,1.0,0.0,0,0,0.0,False
gpqa_main,30043,0.0,1.0,0.0,0,0,0.0,False
gpqa_main,30044,0.006249999999999978,0.125,0.275,1,12,0.40625,False
gpqa_main,30045,0.0,1.0,-0.050000000000000044,0,0,0.0,False
gpqa_main,30046,0.0,0.0,0.1,0,0,0.0,False
gpqa_main,30047,0.0,0.125,-0.024999999999999994,0,0,0.0,False
gpqa_main,30048,0.0,0.0,0.95,0,0,0.0,False
gpqa_main,30049,0.0625,0.375,0.525,1,1,0.0625,False
gpqa_main,30050,0.0,0.0,0.05,0,0,0.0,False
gpqa_main,30051,0.125,0.625,0.375,4,0,0.125,False
gpqa_main,30052,0.0,0.25,0.6,0,0,0.0,False
gpqa_main,30053,0.012499999999999997,0.0,0.55,0,2,0.0625,False
gpqa_main,30054,0.0625,0.75,-0.7,1,1,0.0625,False
gpqa_main,30055,0.0,1.0,0.0,0,0,0.0,False
gpqa_main,30056,0.20625,0.0,0.1,1,12,0.40625,False
gpqa_main,30057,0.40625,0.125,-0.075,0,21,0.65625,False
gpqa_main,30058,0.0062500000000000056,0.125,-0.125,0,5,0.15625,False
gpqa_main,30059,0.86875,0.0,0.0,19,12,0.96875,False
gpqa_main,30060,0.056249999999999994,0.0,0.3,0,5,0.15625,False
gpqa_main,30061,0.03125,0.125,0.875,0,1,0.03125,False
gpqa_main,30062,0.0,1.0,-0.050000000000000044,0,0,0.0,False
gpqa_main,30063,0.03125,0.0,0.0,1,0,0.03125,False
gpqa_main,30064,0.0,0.0,0.75,0,0,0.0,False
gpqa_main,30065,0.0,0.0,1.0,0,0,0.0,False
gpqa_main,30066,0.125,0.875,0.125,4,0,0.125,False
gpqa_main,30067,0.15625,0.0,0.6,2,3,0.15625,False
gpqa_main,30068,0.18125,0.5,-0.15000000000000002,0,9,0.28125,False
gpqa_main,30069,0.0625,0.0,0.8,1,1,0.0625,False
gpqa_main,30070,0.23750000000000004,0.0,0.05,3,27,0.9375,False
gpqa_main,30071,0.2125,0.0,0.4,5,5,0.3125,False
gpqa_main,30072,0.0625,0.25,-0.25,2,0,0.0625,False
gpqa_main,30073,0.10625,0.0,0.15,0,5,0.15625,False
gpqa_main,30074,0.0,0.5,0.35,0,0,0.0,False
gpqa_main,30075,0.0,0.375,0.625,0,0,0.0,False
gpqa_main,30076,-0.018750000000000003,0.25,0.0,1,0,0.03125,False
gpqa_main,30077,0.0,0.0,0.9,0,0,0.0,False
gpqa_main,30078,0.0,0.5,0.30000000000000004,0,0,0.0,False
gpqa_main,30079,0.0,0.125,0.875,0,0,0.0,False
gpqa_main,30080,-0.10624999999999996,0.0,0.25,3,16,0.59375,False
gpqa_main,30081,-0.0062500000000000056,0.375,-0.225,0,3,0.09375,False
gpqa_main,30082,0.41875,0.25,-0.15,10,5,0.46875,False
gpqa_main,30083,0.0,0.375,0.575,0,0,0.0,False
gpqa_main,30084,0.0,0.75,0.19999999999999996,0,0,0.0,False
gpqa_main,30085,0.54375,0.25,0.65,12,7,0.59375,True
gpqa_main,30086,0.0,0.625,0.375,0,0,0.0,False
gpqa_main,30087,0.53125,0.125,-0.075,8,9,0.53125,False
gpqa_main,30088,0.18125000000000002,0.0,0.0,3,14,0.53125,False
gpqa_main,30089,0.15625,0.375,-0.275,2,3,0.15625,False
gpqa_main,30090,0.0,0.125,0.675,0,0,0.0,False
gpqa_main,30091,0.056249999999999994,0.0,0.8,4,1,0.15625,False
gpqa_main,30092,0.11875000000000002,0.625,-0.07499999999999996,5,10,0.46875,False
gpqa_main,30093,0.45625,0.0,0.0,17,4,0.65625,False
gpqa_main,30094,0.15625,0.0,0.0,0,21,0.65625,False
gpqa_main,30095,0.48125,0.125,0.675,8,9,0.53125,False
gpqa_main,30096,0.0,0.0,0.4,0,0,0.0,False
gpqa_main,30097,0.0,0.5,-0.25,0,0,0.0,False
gpqa_main,30098,0.23125,0.0,0.6,3,6,0.28125,False
gpqa_main,30099,0.0,0.875,0.025000000000000022,0,0,0.0,False
gpqa_main,30100,0.0,1.0,0.0,0,0,0.0,False
gpqa_main,30101,0.0,0.375,0.575,0,0,0.0,False
gpqa_main,30102,0.15625,0.0,0.95,0,5,0.15625,False
gpqa_main,30103,0.18125,0.0,0.8,3,6,0.28125,False
gpqa_main,30104,0.0,0.0,1.0,0,0,0.0,False
gpqa_main,30105,0.0,0.0,0.35,0,0,0.0,False
gpqa_main,30106,0.125,0.125,0.22499999999999998,0,4,0.125,False
gpqa_main,30107,0.15,0.5,-0.4,0,8,0.25,False
gpqa_main,30108,0.0,0.0,0.95,0,0,0.0,False
gpqa_main,30109,0.0,0.25,0.75,0,0,0.0,False
gpqa_main,30110,0.03125,0.75,0.19999999999999996,1,0,0.03125,False
gpqa_main,30111,0.0,0.625,0.375,0,0,0.0,False
gpqa_main,30112,0.006249999999999978,0.25,-0.1,0,21,0.65625,False
gpqa_main,30113,0.0625,0.125,0.575,0,2,0.0625,False
gpqa_main,30114,0.16875,0.0,0.7,2,5,0.21875,False
gpqa_main,30115,0.4375,0.0,0.0,8,22,0.9375,False
gpqa_main,30116,0.08750000000000002,0.375,-0.275,5,25,0.9375,False
gpqa_main,30117,0.09375,0.625,0.275,1,2,0.09375,False
gpqa_main,30118,0.0,0.0,0.95,0,0,0.0,False
gpqa_main,30119,0.15625,0.0,0.1,1,4,0.15625,False
gpqa_main,30120,-0.05,0.125,0.22499999999999998,0,0,0.0,False
gpqa_main,30121,-0.0062500000000000056,0.0,0.0,3,0,0.09375,False
gpqa_main,30122,0.575,0.25,0.5,15,5,0.625,True
gpqa_main,30123,0.1625,0.0,0.65,0,10,0.3125,False
gpqa_main,30124,0.0625,0.25,0.7,2,0,0.0625,False
gpqa_main,30125,0.0,0.0,0.8,0,0,0.0,False
gpqa_main,30126,0.16875,0.0,0.35,2,5,0.21875,False
gpqa_main,30127,0.0625,0.0,0.45,1,1,0.0625,False
gpqa_main,30128,0.0,1.0,0.0,0,0,0.0,False
gpqa_main,30129,0.03125,0.0,0.9,1,0,0.03125,False
gpqa_main,30130,0.06874999999999998,0.0,0.05,15,16,0.96875,False
gpqa_main,30131,0.24375,1.0,-0.6,3,8,0.34375,False
gpqa_main,30132,0.8875,0.0,0.0,21,9,0.9375,False
gpqa_main,30133,0.0,0.375,0.475,0,0,0.0,False
gpqa_main,30134,0.10625,0.625,-0.625,0,5,0.15625,False
gpqa_main,30135,0.21250000000000002,0.5,-0.15000000000000002,0,26,0.8125,False
gpqa_main,30136,0.03125,0.0,0.15,0,1,0.03125,False
gpqa_main,30137,0.024999999999999994,0.0,0.85,2,2,0.125,False
gpqa_main,30138,0.03125,0.375,0.07500000000000001,0,9,0.28125,False
gpqa_main,30139,0.35625,0.0,0.15,0,21,0.65625,False
gpqa_main,30140,0.024999999999999994,0.375,-0.125,0,4,0.125,False
gpqa_main,30141,0.3875,0.25,0.7,0,14,0.4375,False
gpqa_main,30142,0.0,0.0,0.05,0,0,0.0,False
gpqa_main,30143,0.0,0.375,0.625,0,0,0.0,False
gpqa_main,30144,0.006249999999999978,0.0,0.0,0,29,0.90625,False
gpqa_main,30145,0.0,0.375,-0.325,0,0,0.0,False
gpqa_main,30146,0.1875,0.0,0.25,3,27,0.9375,False
gpqa_main,30147,0.0,0.375,0.575,0,0,0.0,False
gpqa_main,30148,0.0,0.0,0.05,0,0,0.0,False
gpqa_main,30149,0.29375,0.625,0.07499999999999996,7,4,0.34375,False
gpqa_main,30150,0.012499999999999997,0.75,0.19999999999999996,0,2,0.0625,False
gpqa_main,30151,0.425,0.375,-0.225,3,17,0.625,False
gpqa_main,30152,0.0,0.0,0.95,0,0,0.0,False
gpqa_main,30153,0.09375,0.0,0.9,0,3,0.09375,False
gpqa_main,30154,0.03125,0.0,0.95,0,1,0.03125,False
gpqa_main,30155,0.46875,0.0,0.2,4,11,0.46875,False
gpqa_main,30156,0.0,0.0,1.0,0,0,0.0,False
gpqa_main,30157,-0.15625,0.75,-0.09999999999999998,1,2,0.09375,False
gpqa_main,30158,0.03125,0.125,-0.125,0,1,0.03125,False
gpqa_main,30159,0.0,0.125,0.525,0,0,0.0,False
gpqa_main,30160,0.25,0.0,0.0,7,1,0.25,False
gpqa_main,30161,-0.018750000000000003,0.375,-0.375,1,0,0.03125,False
gpqa_main,30162,0.0,0.625,0.125,0,0,0.0,False
gpqa_main,30163,0.0,0.0,0.95,0,0,0.0,False
gpqa_main,30164,0.0,0.75,0.25,0,0,0.0,False
gpqa_main,30165,-0.15,0.125,0.725,0,0,0.0,False
gpqa_main,30166,0.0,0.625,0.375,0,0,0.0,False
gpqa_main,30167,0.0,1.0,0.0,0,0,0.0,False
gpqa_main,30168,0.0,0.0,0.5,0,0,0.0,False
gpqa_main,30169,0.0,0.0,0.95,0,0,0.0,False
gpqa_main,30170,0.03125,0.0,0.0,1,0,0.03125,False
gpqa_main,30171,0.0,0.375,0.275,0,0,0.0,False
gpqa_main,30172,-0.05,0.0,0.9,0,0,0.0,False
gpqa_main,30173,0.28125,0.25,-0.25,3,6,0.28125,False
gpqa_main,30174,0.41875,0.25,0.30000000000000004,8,15,0.71875,False
gpqa_main,30175,0.35625,0.875,0.07499999999999996,1,12,0.40625,False
gpqa_main,30176,0.10625,0.125,0.07500000000000001,4,1,0.15625,False
gpqa_main,30177,0.0,0.25,0.65,0,0,0.0,False
gpqa_main,30178,0.0,0.25,0.75,0,0,0.0,False
gpqa_main,30179,0.0,0.0,1.0,0,0,0.0,False
gpqa_main,30180,0.0,0.0,0.4,0,0,0.0,False
gpqa_main,30181,0.037500000000000006,0.25,0.4,0,6,0.1875,False
gpqa_main,30182,0.0,0.0,0.85,0,0,0.0,False
gpqa_main,30183,0.09999999999999998,0.0,0.05,15,17,1.0,False
gpqa_main,30184,0.03125,0.0,0.15,0,1,0.03125,False
gpqa_main,30185,0.0,0.0,0.6,0,0,0.0,False
gpqa_main,30186,0.0,0.0,1.0,0,0,0.0,False
gpqa_main,30187,0.0,0.5,0.5,0,0,0.0,False
gpqa_main,30188,0.0625,0.25,0.7,2,0,0.0625,False
gpqa_main,30189,0.0,0.0,0.0,0,0,0.0,False
gpqa_main,30190,0.0,0.0,0.1,0,0,0.0,False
gpqa_main,30191,0.0,0.0,0.0,0,0,0.0,False
gpqa_main,30192,0.15000000000000002,0.0,0.0,13,3,0.5,False
gpqa_main,30193,0.0,1.0,-1.0,0,0,0.0,False
gpqa_main,30194,0.075,1.0,-0.050000000000000044,0,4,0.125,False
gpqa_main,30195,0.0,0.0,0.6,0,0,0.0,False
gpqa_main,30196,0.25,0.875,-0.17500000000000004,6,2,0.25,False
gpqa_main,30197,0.03125,0.125,0.875,0,1,0.03125,False
gpqa_main,30198,0.28125,0.0,0.05,3,6,0.28125,False
gpqa_main,30199,0.0,0.0,0.15,0,0,0.0,False
gpqa_main,30200,0.59375,0.0,0.0,8,11,0.59375,False
gpqa_main,30201,0.0,0.0,1.0,0,0,0.0,False
gpqa_main,30202,0.03125,0.375,0.625,1,0,0.03125,False
gpqa_main,30203,0.0,0.25,-0.2,0,0,0.0,False
gpqa_main,30204,0.45,0.75,-0.5,0,16,0.5,False
gpqa_main,30205,0.0,0.125,0.325,0,0,0.0,False
gpqa_main,30206,0.03125,0.25,0.65,0,1,0.03125,False
gpqa_main,30207,0.0,0.0,1.0,0,0,0.0,False
gpqa_main,30208,-0.15,0.125,0.42500000000000004,0,0,0.0,False
gpqa_main,30209,0.1875,0.125,-0.125,8,6,0.4375,False
gpqa_main,30210,0.25,0.625,-0.525,3,5,0.25,False
gpqa_main,30211,0.0,0.0,0.0,0,0,0.0,False
gpqa_main,30212,0.0,0.25,0.35,0,0,0.0,False
gpqa_main,30213,0.0,0.0,0.1,0,0,0.0,False
gpqa_main,30214,0.16875,0.0,0.0,0,7,0.21875,False
gpqa_main,30215,0.0,1.0,-0.050000000000000044,0,0,0.0,False
gpqa_main,30216,0.78125,0.375,-0.025000000000000022,14,11,0.78125,False
gpqa_main,30217,0.012499999999999956,0.375,-0.375,1,25,0.8125,False
gpqa_main,30218,0.0,0.0,0.0,13,19,1.0,False
gpqa_main,30219,0.0,0.5,0.44999999999999996,0,0,0.0,False
gpqa_main,30220,0.0,0.25,0.7,0,0,0.0,False
gpqa_main,30221,0.0,0.0,0.0,0,0,0.0,False
gpqa_main,30222,0.0,0.5,0.25,0,0,0.0,False
gpqa_main,30223,0.35,0.25,0.09999999999999998,7,9,0.5,False
gpqa_main,30224,0.0,1.0,0.0,0,0,0.0,False
gpqa_main,30225,0.0,0.125,0.375,0,0,0.0,False
gpqa_main,30226,0.0,0.0,0.0,0,0,0.0,False
gpqa_main,30227,0.075,0.125,-0.024999999999999994,0,4,0.125,False
gpqa_main,30228,0.21875,0.0,0.05,2,29,0.96875,False
gpqa_main,30229,0.03125,0.375,0.575,0,1,0.03125,False
gpqa_main,30230,0.125,0.0,0.0,4,0,0.125,False
gpqa_main,30231,0.0,0.125,0.875,0,0,0.0,False
gpqa_main,30232,0.30625,0.625,0.025000000000000022,2,19,0.65625,False
gpqa_main,30233,0.0,1.0,-0.09999999999999998,0,0,0.0,False
gpqa_main,30234,-0.05,0.375,-0.07500000000000001,0,0,0.0,False
gpqa_main,30235,0.0,0.0,0.85,0,0,0.0,False
gpqa_main,30236,0.09375,0.0,0.0,0,3,0.09375,False
gpqa_main,30237,0.91875,0.125,0.725,2,29,0.96875,False
gpqa_main,30238,0.24375000000000002,0.0,0.0,2,25,0.84375,False
gpqa_main,30239,0.64375,0.125,-0.125,14,13,0.84375,False
gpqa_main,30240,0.0,0.5,-0.45,0,0,0.0,False
gpqa_main,30241,0.0,0.0,0.0,0,0,0.0,False
gpqa_main,30242,0.3,0.125,0.07500000000000001,3,21,0.75,False
gpqa_main,30243,0.0,1.0,0.0,0,0,0.0,False
gpqa_main,30244,0.22499999999999998,0.625,-0.025000000000000022,11,9,0.625,False
gpqa_main,30245,0.91875,0.75,0.0,3,28,0.96875,False
gpqa_main,30246,0.35625,0.0,0.1,1,20,0.65625,False
gpqa_main,30247,0.0,0.0,0.3,0,0,0.0,False
gpqa_main,30248,0.15625,0.0,0.05,1,4,0.15625,False
gpqa_main,30249,0.0625,0.375,0.525,0,2,0.0625,False
gpqa_main,30250,0.4375,0.0,0.1,1,13,0.4375,False
gpqa_main,30251,0.0,0.75,0.19999999999999996,0,0,0.0,False
gpqa_main,30252,0.29375,0.25,-0.04999999999999999,7,12,0.59375,False
gpqa_main,30253,0.1625,0.0,0.1,1,9,0.3125,False
gpqa_main,30254,0.25,0.375,-0.375,5,27,1.0,False
gpqa_main,30255,0.25625,0.0,0.0,5,8,0.40625,False
gpqa_main,30256,0.0,0.0,0.95,0,0,0.0,False
gpqa_main,30257,0.34375,0.75,0.25,7,4,0.34375,False
gpqa_main,30258,0.25,0.0,0.15,0,8,0.25,False
gpqa_main,30259,0.0,0.0,0.0,0,0,0.0,False
gpqa_main,30260,0.09375,0.0,0.1,1,2,0.09375,False
gpqa_main,30261,0.04375,0.5,0.30000000000000004,0,3,0.09375,False
gpqa_main,30262,0.012499999999999956,0.25,-0.25,10,8,0.5625,False
gpqa_main,30263,0.475,0.5,0.15000000000000002,1,19,0.625,False
gpqa_main,30264,0.16249999999999998,0.0,0.0,3,15,0.5625,False
gpqa_main,30265,0.125,0.125,-0.125,0,4,0.125,False
gpqa_main,30266,0.0,0.125,0.775,0,0,0.0,False
gpqa_main,30267,0.68125,0.375,-0.325,9,16,0.78125,False
gpqa_main,30268,0.0,1.0,-0.050000000000000044,0,0,0.0,False
gpqa_main,30269,0.0,0.875,0.125,0,0,0.0,False
gpqa_main,30270,0.0,0.0,1.0,0,0,0.0,False
gpqa_main,30271,0.0,1.0,0.0,0,0,0.0,False
gpqa_main,30272,0.40625,1.0,-0.050000000000000044,13,0,0.40625,False
gpqa_main,30273,0.0,0.875,0.125,0,0,0.0,False
gpqa_main,30274,0.03125,0.0,0.45,0,1,0.03125,False
gpqa_main,30275,0.03125,0.125,0.625,0,1,0.03125,False
gpqa_main,30276,0.0,0.0,0.0,0,0,0.0,False
gpqa_main,30277,0.0,0.0,0.85,0,0,0.0,False
gpqa_main,30278,0.03125,0.0,0.05,0,1,0.03125,False
gpqa_main,30279,0.0,0.0,0.05,0,0,0.0,False
gpqa_main,30280,0.0,0.75,0.25,0,0,0.0,False
gpqa_main,30281,0.09375,0.0,0.4,2,1,0.09375,False
gpqa_main,30282,0.0,0.0,0.15,0,0,0.0,False
gpqa_main,30283,0.0,0.375,0.625,0,0,0.0,False
gpqa_main,30284,0.43125,0.875,-0.22499999999999998,2,23,0.78125,False
gpqa_main,30285,0.0,0.25,0.75,0,0,0.0,False
gpqa_main,30286,0.0,1.0,0.0,0,0,0.0,False
gpqa_main,30287,0.0,0.5,0.5,0,0,0.0,False
gpqa_main,30288,0.09375,0.125,0.575,2,1,0.09375,False
gpqa_main,30289,0.24375,0.0,0.7,2,9,0.34375,False
gpqa_main,30290,-0.05,0.25,0.7,0,0,0.0,False
gpqa_main,30291,0.11875,0.25,-0.04999999999999999,0,7,0.21875,False
gpqa_main,30292,0.0625,0.0,0.0,0,2,0.0625,False
gpqa_main,30293,0.0,0.125,0.875,0,0,0.0,False
gpqa_main,30294,0.0,0.625,0.22499999999999998,0,0,0.0,False
gpqa_main,30295,0.0,0.125,0.875,0,0,0.0,False
gpqa_main,30296,0.04375,0.0,0.8,2,1,0.09375,False
gpqa_main,30297,0.1875,0.875,-0.275,5,1,0.1875,False
gpqa_main,30298,0.03125,1.0,0.0,1,0,0.03125,False
gpqa_main,30299,0.0,1.0,0.0,0,0,0.0,False
gpqa_main,30300,0.28125,0.0,0.0,7,2,0.28125,False
gpqa_main,30301,0.0,0.0,0.0,0,0,0.0,False
gpqa_main,30302,0.0,1.0,-0.050000000000000044,0,0,0.0,False
gpqa_main,30303,0.0,0.0,0.4,0,0,0.0,False
gpqa_main,30304,0.0,0.375,0.125,0,0,0.0,False
gpqa_main,30305,0.0,0.25,0.75,0,0,0.0,False
gpqa_main,30306,0.29375,0.375,0.42500000000000004,2,9,0.34375,False
gpqa_main,30307,0.0,0.25,-0.1,0,0,0.0,False
gpqa_main,30308,0.6375,0.25,-0.2,6,16,0.6875,False
gpqa_main,30309,0.25625,0.0,0.75,5,8,0.40625,False
gpqa_main,30310,0.0,0.875,0.125,0,0,0.0,False
gpqa_main,30311,0.0,0.125,0.125,0,0,0.0,False
gpqa_main,30312,0.0,1.0,0.0,0,0,0.0,False
gpqa_main,30313,0.18125000000000002,0.0,0.15,13,4,0.53125,False
gpqa_main,30314,0.19999999999999996,0.0,0.05,4,28,1.0,False
gpqa_main,30315,0.0,0.125,0.725,0,0,0.0,False
gpqa_main,30316,0.024999999999999994,0.25,-0.25,0,4,0.125,False
gpqa_main,30317,0.0,0.0,0.95,0,0,0.0,False
gpqa_main,30318,0.0,0.125,0.875,0,0,0.0,False
gpqa_main,30319,0.49375,0.0,0.25,7,20,0.84375,False
gpqa_main,30320,0.09375,0.0,0.75,2,1,0.09375,False
gpqa_main,30321,0.20625,0.0,0.0,3,18,0.65625,False
gpqa_main,30322,0.0,0.0,0.45,0,0,0.0,False
gpqa_main,30323,0.0,0.0,0.0,0,0,0.0,False
gpqa_main,30324,0.0,0.5,-0.45,0,0,0.0,False
gpqa_main,30325,0.0,0.375,-0.325,0,0,0.0,False
gpqa_main,30326,0.0,0.0,0.9,0,0,0.0,False
gpqa_main,30327,0.0,0.625,0.375,0,0,0.0,False
gpqa_main,30328,0.0,0.875,0.125,0,0,0.0,False
gpqa_main,30329,0.7375,0.875,-0.22499999999999998,0,30,0.9375,False
gpqa_main,30330,0.0,1.0,0.0,0,0,0.0,False
gpqa_main,30331,0.0,0.75,0.25,0,0,0.0,False
gpqa_main,30332,0.19999999999999996,0.0,0.1,6,26,1.0,False
gpqa_main,30333,0.056249999999999994,0.75,-0.050000000000000044,0,5,0.15625,False
gpqa_main,30334,0.34375,0.0,0.9,2,9,0.34375,False
gpqa_main,30335,0.0625,0.5,0.5,1,1,0.0625,False
gpqa_main,30336,0.1875,0.125,0.875,6,0,0.1875,False
gpqa_main,30337,0.0,0.5,0.35,0,0,0.0,False
gpqa_main,30338,0.0,0.5,0.5,0,0,0.0,False
gpqa_main,30339,0.0,0.75,0.25,0,0,0.0,False
gpqa_main,30340,0.25,1.0,-0.15000000000000002,6,2,0.25,False
gpqa_main,30341,0.0062500000000000056,0.0,0.0,0,5,0.15625,False
gpqa_main,30342,0.10625,0.0,0.1,4,1,0.15625,False
gpqa_main,30343,0.0,0.0,0.05,0,0,0.0,False
gpqa_main,30344,0.3375,0.0,0.2,14,0,0.4375,False
gpqa_main,30345,-0.03125,1.0,-0.25,0,7,0.21875,False
gpqa_main,30346,0.38125,0.0,0.0,0,25,0.78125,False
gpqa_main,30347,0.15625,1.0,-0.8,5,24,0.90625,False
gpqa_main,30348,0.03125,0.0,0.85,1,0,0.03125,False
gpqa_main,30349,0.7,0.0,0.05,0,24,0.75,False
gpqa_main,30350,0.012499999999999997,0.0,0.75,0,2,0.0625,False
gpqa_main,30351,0.09375,0.0,0.1,0,3,0.09375,False
gpqa_main,30352,0.41875,0.5,0.19999999999999996,5,10,0.46875,False
gpqa_main,30353,0.0,0.0,1.0,0,0,0.0,False
gpqa_main,30354,0.0,0.0,0.15,0,0,0.0,False
gpqa_main,30355,0.0,0.0,0.9,0,0,0.0,False
gpqa_main,30356,0.0,0.125,0.22499999999999998,0,0,0.0,False
gpqa_main,30357,0.0,0.625,-0.475,0,0,0.0,False
gpqa_main,30358,0.0,0.25,0.65,0,0,0.0,False
gpqa_main,30359,0.23125,0.75,-0.050000000000000044,6,3,0.28125,False
gpqa_main,30360,0.0,0.625,0.375,0,0,0.0,False
gpqa_main,30361,0.0,0.5,0.5,0,0,0.0,False
gpqa_main,30362,0.0,0.0,0.85,0,0,0.0,False
gpqa_main,30363,0.03125,0.0,1.0,1,0,0.03125,False
gpqa_main,30364,0.0,0.0,1.0,0,0,0.0,False
gpqa_main,30365,0.09375,0.125,-0.075,7,12,0.59375,False
gpqa_main,30366,0.0,0.75,0.25,0,0,0.0,False
gpqa_main,30367,0.0,0.625,-0.375,0,0,0.0,False
gpqa_main,30368,0.03125,0.0,0.85,0,1,0.03125,False
gpqa_main,30369,0.15625,0.0,0.4,3,2,0.15625,False
gpqa_main,30370,0.0,0.375,-0.325,0,0,0.0,False
gpqa_main,30371,0.125,0.25,0.55,2,2,0.125,False
gpqa_main,30372,0.09375,0.0,0.3,1,2,0.09375,False
gpqa_main,30373,0.05625000000000002,0.375,-0.375,2,19,0.65625,False
gpqa_main,30374,0.0,0.875,0.125,0,0,0.0,False
gpqa_main,30375,0.0,0.0,1.0,0,0,0.0,False
gpqa_main,30376,0.0625,0.375,-0.175,1,1,0.0625,False
gpqa_main,30377,0.10624999999999996,0.0,0.0,7,22,0.90625,False
gpqa_main,30378,0.0,0.0,1.0,0,0,0.0,False
gpqa_main,30379,0.0,0.0,1.0,0,0,0.0,False
gpqa_main,30380,0.03125,0.0,0.0,0,25,0.78125,False
gpqa_main,30381,0.0,0.0,0.0,3,29,1.0,False
gpqa_main,30382,0.0,0.0,0.0,0,0,0.0,False
gpqa_main,30383,-0.1,0.0,0.3,0,0,0.0,False
gpqa_main,30384,0.10625,1.0,-0.55,1,4,0.15625,False
gpqa_main,30385,0.0,1.0,0.0,0,0,0.0,False
gpqa_main,30386,0.0,1.0,-0.65,0,0,0.0,False
gpqa_main,30387,0.0,0.0,0.9,0,0,0.0,False
gpqa_main,30388,0.3125,0.5,0.15000000000000002,5,5,0.3125,False
gpqa_main,30389,0.21875,0.0,0.4,1,14,0.46875,False
gpqa_main,30390,0.9375,0.0,0.0,18,12,0.9375,False
gpqa_main,30391,0.0,0.875,0.125,0,0,0.0,False
gpqa_main,30392,0.0,0.375,0.525,0,0,0.0,False
gpqa_main,30393,0.0625,0.25,0.25,1,1,0.0625,False
gpqa_main,30394,0.075,0.125,-0.024999999999999994,0,4,0.125,False
gpqa_main,30395,0.0,0.0,0.45,0,0,0.0,False
gpqa_main,30396,0.03125,0.125,0.875,1,0,0.03125,False
gpqa_main,30397,0.0,0.0,0.65,0,0,0.0,False
gpqa_main,30398,0.09375,0.625,-0.575,1,2,0.09375,False
gpqa_main,30399,0.04375,0.125,0.825,1,2,0.09375,False
gpqa_main,30400,0.0,0.375,0.625,0,0,0.0,False
gpqa_main,30401,0.0,0.0,1.0,0,0,0.0,False
gpqa_main,30402,0.03125,0.0,0.0,1,0,0.03125,False
gpqa_main,30403,0.0,0.0,1.0,0,0,0.0,False
gpqa_main,30404,0.4375,0.5,0.25,1,13,0.4375,False
gpqa_main,30405,0.0,0.75,0.25,0,0,0.0,False
gpqa_main,30406,0.0,0.875,-0.07499999999999996,0,0,0.0,False
gpqa_main,30407,0.16249999999999998,0.0,0.0,2,24,0.8125,False
gpqa_main,30408,0.03125,0.0,0.15,1,0,0.03125,False
gpqa_main,30409,0.0,0.75,0.25,0,0,0.0,False
gpqa_main,30410,0.25,0.25,0.4,0,8,0.25,False
gpqa_main,30411,0.03125,0.25,0.75,1,0,0.03125,False
gpqa_main,30412,0.0,0.125,0.675,0,0,0.0,False
gpqa_main,30413,0.09375,0.375,-0.325,0,3,0.09375,False
gpqa_main,30414,0.012499999999999997,0.25,0.6,0,2,0.0625,False
gpqa_main,30415,0.01874999999999999,1.0,-0.9,0,15,0.46875,False
gpqa_main,30416,0.0,0.875,0.125,0,0,0.0,False
gpqa_main,30417,0.4375,0.625,-0.175,6,8,0.4375,False
gpqa_main,30418,0.0,0.0,0.95,0,0,0.0,False
gpqa_main,30419,0.11875000000000002,0.125,-0.075,1,14,0.46875,False
gpqa_main,30420,0.65625,1.0,-0.35,0,29,0.90625,False
gpqa_main,30421,0.012499999999999997,0.75,-0.4,0,2,0.0625,False
gpqa_main,30422,0.30625,0.5,0.0,12,1,0.40625,False
gpqa_main,30423,0.0,0.125,0.725,0,0,0.0,False
gpqa_main,30424,0.03125,0.0,0.7,1,0,0.03125,False
gpqa_main,30425,0.4875,0.125,0.625,2,20,0.6875,False
gpqa_main,30426,0.0625,0.375,-0.375,0,2,0.0625,False
gpqa_main,30427,0.075,0.375,-0.375,3,1,0.125,False
gpqa_main,30428,-0.018750000000000003,0.0,0.8,1,0,0.03125,False
gpqa_main,30429,0.46875,0.0,0.9,5,10,0.46875,False
gpqa_main,30430,0.375,0.0,0.25,0,28,0.875,False
gpqa_main,30431,0.15000000000000002,0.0,0.15,4,28,1.0,False
gpqa_main,30432,0.2,0.625,0.22499999999999998,0,8,0.25,False
gpqa_main,30433,0.21875,0.25,-0.04999999999999999,1,6,0.21875,False
gpqa_main,30434,0.0,0.5,0.44999999999999996,0,0,0.0,False
gpqa_main,30435,-0.037500000000000006,0.0,0.55,0,2,0.0625,False
gpqa_main,30436,0.03125,0.125,-0.125,1,0,0.03125,False
gpqa_main,30437,-0.03749999999999998,0.75,-0.09999999999999998,0,10,0.3125,False
gpqa_main,30438,0.0,0.0,0.95,0,0,0.0,False
gpqa_main,30439,0.0,0.0,0.8,0,0,0.0,False
gpqa_main,30440,0.0,0.125,0.775,0,0,0.0,False
gpqa_main,30441,0.03125,1.0,-0.09999999999999998,0,1,0.03125,False
gpqa_main,30442,0.0,0.375,-0.175,0,0,0.0,False
gpqa_main,30443,0.0,1.0,0.0,0,0,0.0,False
gpqa_main,30444,0.24375,0.625,-0.525,2,9,0.34375,False
gpqa_main,30445,0.10625,0.0,0.6,0,5,0.15625,False
gpqa_main,30446,0.25,0.75,-0.65,1,7,0.25,False
gpqa_main,30447,0.0,0.0,0.2,0,0,0.0,False
mmlupro,40000,0.21875,0.375,-0.325,1,6,0.21875,False
mmlupro,40001,0.0,0.0,1.0,0,0,0.0,False
mmlupro,40002,0.0,0.0,0.0,0,0,0.0,False
mmlupro,40003,0.0,0.0,0.85,0,0,0.0,False
mmlupro,40004,0.0,0.25,0.6,0,0,0.0,False
mmlupro,40005,0.0,0.0,1.0,0,0,0.0,False
mmlupro,40006,0.0,0.0,0.95,0,0,0.0,False
mmlupro,40007,0.15625,0.0,0.7,1,4,0.15625,False
mmlupro,40008,0.0,0.0,1.0,0,0,0.0,False
mmlupro,40009,0.0,0.0,0.0,0,0,0.0,False
mmlupro,40010,0.0,0.125,0.07500000000000001,0,0,0.0,False
mmlupro,40011,0.0,0.0,0.7,0,0,0.0,False
mmlupro,40012,0.2875,0.25,-0.04999999999999999,2,20,0.6875,False
mmlupro,40013,0.0,1.0,0.0,0,0,0.0,False
mmlupro,40014,0.41875,0.0,0.3,19,4,0.71875,False
mmlupro,40015,0.0,0.5,0.4,0,0,0.0,False
mmlupro,40016,0.0,0.875,0.125,0,0,0.0,False
mmlupro,40017,0.0,0.75,-0.7,0,0,0.0,False
mmlupro,40018,0.0,0.5,0.5,0,0,0.0,False
mmlupro,40019,0.0,0.25,0.75,0,0,0.0,False
mmlupro,40020,0.03125,0.0,0.3,0,1,0.03125,False
mmlupro,40021,0.0,0.5,0.19999999999999996,0,0,0.0,False
mmlupro,40022,0.03125,0.0,1.0,1,0,0.03125,False
mmlupro,40023,0.0,0.0,1.0,0,0,0.0,False
mmlupro,40024,0.325,0.625,0.275,4,8,0.375,False
mmlupro,40025,0.0,0.0,0.0,0,0,0.0,False
mmlupro,40026,0.0,1.0,0.0,0,0,0.0,False
mmlupro,40027,0.0,1.0,0.0,0,0,0.0,False
mmlupro,40028,0.0625,0.125,0.024999999999999994,1,1,0.0625,False
mmlupro,40029,0.0,0.0,1.0,0,0,0.0,False
mmlupro,40030,0.50625,0.25,0.2,2,19,0.65625,False
mmlupro,40031,0.0,1.0,0.0,0,0,0.0,False
mmlupro,40032,0.0,0.125,0.875,0,0,0.0,False
mmlupro,40033,0.125,0.0,0.0,2,2,0.125,False
mmlupro,40034,0.0,1.0,0.0,0,0,0.0,False
mmlupro,40035,0.0,0.875,0.125,0,0,0.0,False
mmlupro,40036,0.21875,0.125,0.875,4,3,0.21875,False
mmlupro,40037,0.03125,0.125,0.875,1,0,0.03125,False
mmlupro,40038,0.1875,0.125,0.875,6,0,0.1875,False
mmlupro,40039,0.0,0.625,0.375,0,0,0.0,False
mmlupro,40040,0.9375,0.0,0.35,5,25,0.9375,True
mmlupro,40041,0.0,0.75,-0.15000000000000002,0,0,0.0,False
mmlupro,40042,0.6,0.0,0.0,28,4,1.0,False
mmlupro,40043,0.0,1.0,0.0,0,0,0.0,False
mmlupro,40044,0.0625,0.375,0.125,0,2,0.0625,False
mmlupro,40045,0.0,0.75,0.25,0,0,0.0,False
mmlupro,40046,0.0,0.0,0.0,0,0,0.0,False
mmlupro,40047,0.0,0.5,-0.15000000000000002,0,0,0.0,False
mmlupro,40048,0.0,0.0,0.65,0,0,0.0,False
mmlupro,40049,0.475,0.875,-0.22499999999999998,0,20,0.625,False
mmlupro,40050,0.0,0.75,-0.050000000000000044,0,0,0.0,False
mmlupro,40051,0.0,0.125,0.875,0,0,0.0,False
mmlupro,40052,0.41875,0.0,0.7,1,22,0.71875,False
mmlupro,40053,0.0,0.0,0.0,0,0,0.0,False
mmlupro,40054,0.0,0.125,0.875,0,0,0.0,False
mmlupro,40055,0.84375,0.25,0.09999999999999998,26,1,0.84375,False
mmlupro,40056,0.0,1.0,0.0,0,0,0.0,False
mmlupro,40057,0.0,0.875,0.025000000000000022,0,0,0.0,False
mmlupro,40058,0.0,1.0,0.0,0,0,0.0,False
mmlupro,40059,0.6125,0.0,0.0,3,23,0.8125,False
mmlupro,40060,0.0,0.875,0.125,0,0,0.0,False
mmlupro,40061,0.0,0.0,0.95,0,0,0.0,False
mmlupro,40062,0.0,0.625,0.375,0,0,0.0,False
mmlupro,40063,0.09375,0.0,0.0,3,0,0.09375,False
mmlupro,40064,0.0,0.0,0.0,0,0,0.0,False
mmlupro,40065,0.575,0.0,0.15,2,18,0.625,False
mmlupro,40066,0.0625,0.0,0.05,1,1,0.0625,False
mmlupro,40067,0.04375,0.75,0.19999999999999996,3,0,0.09375,False
mmlupro,40068,0.0,1.0,0.0,0,0,0.0,False
mmlupro,40069,0.0625,0.0,0.05,2,0,0.0625,False
mmlupro,40070,0.15625,0.875,0.07499999999999996,2,3,0.15625,False
mmlupro,40071,0.0,1.0,0.0,0,0,0.0,False
mmlupro,40072,0.0,1.0,0.0,0,0,0.0,False
mmlupro,40073,0.0,0.0,0.85,0,0,0.0,False
mmlupro,40074,0.0,0.875,0.125,0,0,0.0,False
mmlupro,40075,0.0,0.75,0.25,0,0,0.0,False
mmlupro,40076,0.0,1.0,0.0,0,0,0.0,False
mmlupro,40077,0.0,0.0,1.0,0,0,0.0,False
mmlupro,40078,0.0,1.0,-0.09999999999999998,0,0,0.0,False
mmlupro,40079,0.0,0.875,-0.025000000000000022,0,0,0.0,False
mmlupro,40080,0.0,1.0,0.0,0,0,0.0,False
mmlupro,40081,0.03125,0.75,-0.3,1,0,0.03125,False
mmlupro,40082,0.43125,0.0,0.65,3,22,0.78125,False
mmlupro,40083,0.09375,0.875,0.125,3,0,0.09375,False
mmlupro,40084,0.0,1.0,0.0,0,0,0.0,False
mmlupro,40085,0.0,0.75,0.25,0,0,0.0,False
mmlupro,40086,0.0,0.25,0.6,0,0,0.0,False
mmlupro,40087,0.0,0.75,0.25,0,0,0.0,False
mmlupro,40088,0.0,0.125,-0.125,0,0,0.0,False
mmlupro,40089,0.0,0.875,0.07499999999999996,0,0,0.0,False
mmlupro,40090,0.0,1.0,0.0,0,0,0.0,False
mmlupro,40091,0.0,0.125,0.775,0,0,0.0,False
mmlupro,40092,0.0,0.0,1.0,0,0,0.0,False
mmlupro,40093,0.575,1.0,-0.30000000000000004,1,27,0.875,False
mmlupro,40094,0.0,0.25,0.04999999999999999,0,0,0.0,False
mmlupro,40095,0.35,0.0,0.85,0,16,0.5,False
mmlupro,40096,0.0,0.125,0.875,0,0,0.0,False
mmlupro,40097,0.0,1.0,0.0,0,0,0.0,False
mmlupro,40098,0.0,0.25,0.75,0,0,0.0,False
mmlupro,40099,0.0,0.625,0.32499999999999996,0,0,0.0,False
mmlupro,40100,0.0,0.125,0.325,0,0,0.0,False
mmlupro,40101,0.0,0.0,0.25,0,0,0.0,False
mmlupro,40102,0.0,1.0,0.0,0,0,0.0,False
mmlupro,40103,0.0,1.0,0.0,0,0,0.0,False
mmlupro,40104,0.09375,0.0,0.9,3,0,0.09375,False
mmlupro,40105,0.0,0.125,0.875,0,0,0.0,False
mmlupro,40106,0.0,0.0,1.0,0,0,0.0,False
mmlupro,40107,0.09375,0.0,0.1,2,1,0.09375,False
mmlupro,40108,0.0,0.875,0.125,0,0,0.0,False
mmlupro,40109,0.0,0.0,1.0,0,0,0.0,False
mmlupro,40110,0.0,0.0,1.0,0,0,0.0,False
mmlupro,40111,0.0,0.0,0.0,0,0,0.0,False
mmlupro,40112,0.0,0.625,0.375,0,0,0.0,False
mmlupro,40113,0.0,0.375,0.625,0,0,0.0,False
mmlupro,40114,0.15625,1.0,0.0,5,0,0.15625,False
mmlupro,40115,0.0,0.875,0.125,0,0,0.0,False
mmlupro,40116,0.03125,1.0,0.0,0,1,0.03125,False
mmlupro,40117,0.03125,0.125,0.875,0,1,0.03125,False
mmlupro,40118,0.0,1.0,0.0,0,0,0.0,False
mmlupro,40119,0.0,0.0,0.0,0,0,0.0,False
mmlupro,40120,0.0,0.5,0.09999999999999998,0,0,0.0,False
mmlupro,40121,0.0,0.5,0.5,0,0,0.0,False
mmlupro,40122,0.0625,0.625,0.17500000000000004,2,0,0.0625,False
mmlupro,40123,0.0,0.375,0.625,0,0,0.0,False
mmlupro,40124,0.0625,0.125,-0.075,0,2,0.0625,False
mmlupro,40125,0.75,0.0,0.2,10,14,0.75,True
mmlupro,40126,0.0,0.0,1.0,0,0,0.0,False
mmlupro,40127,0.0,0.0,0.15,0,0,0.0,False
mmlupro,40128,0.625,0.375,0.575,6,14,0.625,True
mmlupro,40129,0.0,1.0,0.0,0,0,0.0,False
mmlupro,40130,0.0,0.0,0.15,0,0,0.0,False
mmlupro,40131,0.08750000000000002,0.0,0.0,0,30,0.9375,False
mmlupro,40132,0.0,0.0,1.0,0,0,0.0,False
mmlupro,40133,0.5,0.0,0.25,11,5,0.5,True
mmlupro,40134,0.0,1.0,0.0,0,0,0.0,False
mmlupro,40135,0.0,0.125,0.22499999999999998,0,0,0.0,False
mmlupro,40136,0.0,0.0,0.1,0,0,0.0,False
mmlupro,40137,0.0,0.0,0.0,8,24,1.0,False
mmlupro,40138,0.0,0.625,0.375,0,0,0.0,False
mmlupro,40139,0.0,1.0,-0.15000000000000002,0,0,0.0,False
mmlupro,40140,0.0,0.875,0.125,0,0,0.0,False
mmlupro,40141,0.125,0.875,0.125,4,0,0.125,False
mmlupro,40142,0.0,0.875,-0.475,0,0,0.0,False
mmlupro,40143,0.5,0.0,0.25,3,29,1.0,True
mmlupro,40144,0.0,0.625,0.375,0,0,0.0,False
mmlupro,40145,0.40625,0.0,0.35,13,0,0.40625,False
mmlupro,40146,0.0,1.0,0.0,0,0,0.0,False
mmlupro,40147,0.09375,0.125,0.525,0,3,0.09375,False
mmlupro,40148,0.0625,0.25,0.75,2,0,0.0625,False
mmlupro,40149,0.33125,0.375,0.375,14,3,0.53125,False
mmlupro,40150,0.0,0.75,0.25,0,0,0.0,False
mmlupro,40151,0.0,0.25,0.75,0,0,0.0,False
mmlupro,40152,0.0,1.0,0.0,0,0,0.0,False
mmlupro,40153,0.0625,0.0,0.5,2,0,0.0625,False
mmlupro,40154,0.29375,0.625,-0.375,0,19,0.59375,False
mmlupro,40155,0.0,0.0,0.0,13,19,1.0,False
mmlupro,40156,0.0,0.875,0.125,0,0,0.0,False
mmlupro,40157,0.0,0.0,0.75,0,0,0.0,False
mmlupro,40158,0.0,0.625,0.375,0,0,0.0,False
mmlupro,40159,0.0,1.0,-0.050000000000000044,0,0,0.0,False
mmlupro,40160,0.0,0.0,1.0,0,0,0.0,False
mmlupro,40161,0.0,0.25,0.75,0,0,0.0,False
mmlupro,40162,0.0,1.0,0.0,0,0,0.0,False
mmlupro,40163,0.0,0.0,1.0,0,0,0.0,False
mmlupro,40164,0.03125,0.25,-0.2,1,0,0.03125,False
mmlupro,40165,0.0,0.75,-0.3,0,0,0.0,False
mmlupro,40166,0.0,0.875,0.125,0,0,0.0,False
mmlupro,40167,0.0,0.875,0.025000000000000022,0,0,0.0,False
mmlupro,40168,0.0,1.0,-0.15000000000000002,0,0,0.0,False
mmlupro,40169,0.0,0.125,0.875,0,0,0.0,False
mmlupro,40170,0.0,0.0,0.0,0,32,1.0,False
mmlupro,40171,0.0,0.75,0.19999999999999996,0,0,0.0,False
mmlupro,40172,0.0,0.0,0.05,0,0,0.0,False
mmlupro,40173,0.8875,0.0,0.7,19,11,0.9375,True
mmlupro,40174,0.1875,0.125,0.725,4,2,0.1875,False
mmlupro,40175,0.0,1.0,0.0,0,0,0.0,False
mmlupro,40176,0.0,0.0,0.05,0,0,0.0,False
mmlupro,40177,0.0,1.0,0.0,0,0,0.0,False
mmlupro,40178,0.0,1.0,0.0,0,0,0.0,False
mmlupro,40179,0.0,1.0,0.0,0,0,0.0,False
mmlupro,40180,0.0,0.0,1.0,0,0,0.0,False
mmlupro,40181,0.0,0.0,0.8,0,0,0.0,False
mmlupro,40182,0.0,0.0,0.0,0,0,0.0,False
mmlupro,40183,0.03125,0.125,0.175,0,1,0.03125,False
mmlupro,40184,0.0,0.375,0.625,0,0,0.0,False
mmlupro,40185,0.0,0.0,1.0,0,0,0.0,False
mmlupro,40186,-0.05,0.75,0.19999999999999996,0,0,0.0,False
mmlupro,40187,0.23750000000000004,0.25,0.04999999999999999,8,22,0.9375,False
mmlupro,40188,0.53125,0.25,0.0,17,0,0.53125,False
mmlupro,40189,0.0,0.875,0.125,0,0,0.0,False
mmlupro,40190,0.03125,0.25,0.7,0,1,0.03125,False
mmlupro,40191,0.0,1.0,0.0,0,0,0.0,False
mmlupro,40192,0.0,0.625,-0.525,0,0,0.0,False
mmlupro,40193,0.03125,0.375,0.17500000000000004,1,0,0.03125,False
mmlupro,40194,0.24375,0.0,0.75,3,8,0.34375,False
mmlupro,40195,0.26875,0.125,0.525,3,12,0.46875,False
mmlupro,40196,0.0,1.0,-1.0,0,0,0.0,False
mmlupro,40197,0.1875,0.0,0.0,1,5,0.1875,False
mmlupro,40198,0.0,0.875,0.125,0,0,0.0,False
mmlupro,40199,0.0,0.75,0.25,0,0,0.0,False
mmlupro,40200,0.0,0.0,0.75,0,0,0.0,False
mmlupro,40201,0.15625,1.0,-0.6,2,3,0.15625,False
mmlupro,40202,0.25,0.625,0.375,7,1,0.25,False
mmlupro,40203,0.0,0.0,0.9,0,0,0.0,False
mmlupro,40204,0.0,0.25,0.15000000000000002,0,0,0.0,False
mmlupro,40205,0.03125,0.5,-0.45,1,0,0.03125,False
mmlupro,40206,0.0,1.0,0.0,0,0,0.0,False
mmlupro,40207,0.0,0.5,0.0,0,0,0.0,False
mmlupro,40208,0.16875,0.125,-0.075,4,3,0.21875,False
mmlupro,40209,0.0,0.875,0.125,0,0,0.0,False
mmlupro,40210,0.0,0.625,-0.375,0,0,0.0,False
mmlupro,40211,0.0,1.0,-0.050000000000000044,0,0,0.0,False
mmlupro,40212,0.0,0.0,0.7,0,0,0.0,False
mmlupro,40213,0.0,0.375,0.525,0,0,0.0,False
mmlupro,40214,0.0,0.375,0.625,0,0,0.0,False
mmlupro,40215,0.0,0.125,0.875,0,0,0.0,False
mmlupro,40216,0.21875,0.125,0.725,2,5,0.21875,False
mmlupro,40217,0.03125,0.0,0.65,1,0,0.03125,False
mmlupro,40218,0.0,0.25,0.75,0,0,0.0,False
mmlupro,40219,0.1875,0.125,-0.075,5,1,0.1875,False
mmlupro,40220,0.0,1.0,-0.050000000000000044,0,0,0.0,False
mmlupro,40221,0.03125,0.375,0.625,1,0,0.03125,False
mmlupro,40222,0.0,0.0,0.0,0,0,0.0,False
mmlupro,40223,-0.018750000000000003,0.0,0.0,1,0,0.03125,False
mmlupro,40224,0.40625,0.375,0.275,5,16,0.65625,False
mmlupro,40225,0.0,0.0,1.0,0,0,0.0,False
mmlupro,40226,0.0,0.0,0.65,0,0,0.0,False
mmlupro,40227,0.0,0.375,0.625,0,0,0.0,False
mmlupro,40228,0.0625,0.0,0.9,1,1,0.0625,False
mmlupro,40229,0.0,0.875,0.125,0,0,0.0,False
mmlupro,40230,0.0,0.625,-0.575,0,0,0.0,False
mmlupro,40231,0.16875,1.0,-0.050000000000000044,3,4,0.21875,False
mmlupro,40232,0.03125,0.0,0.3,1,0,0.03125,False
mmlupro,40233,0.53125,0.875,0.025000000000000022,17,0,0.53125,False
mmlupro,40234,0.0,0.125,0.125,0,0,0.0,False
mmlupro,40235,0.0,0.125,0.875,0,0,0.0,False
mmlupro,40236,-0.018750000000000003,1.0,-0.09999999999999998,0,1,0.03125,False
mmlupro,40237,0.03125,0.125,-0.125,1,0,0.03125,False
mmlupro,40238,0.0,0.25,0.7,0,0,0.0,False
mmlupro,40239,0.0,0.375,-0.375,0,0,0.0,False
mmlupro,40240,0.0,0.25,0.75,0,0,0.0,False
mmlupro,40241,0.15625,0.0,0.6,5,0,0.15625,False
mmlupro,40242,0.03125,0.0,0.0,1,0,0.03125,False
mmlupro,40243,0.075,0.25,-0.2,0,4,0.125,False
mmlupro,40244,0.0,0.0,1.0,0,0,0.0,False
mmlupro,40245,0.0,1.0,0.0,0,0,0.0,False
mmlupro,40246,0.0,0.75,0.19999999999999996,0,0,0.0,False
mmlupro,40247,0.0,0.0,0.0,0,0,0.0,False
mmlupro,40248,0.03125,0.375,0.375,1,0,0.03125,False
mmlupro,40249,0.03125,1.0,0.0,0,1,0.03125,False
mmlupro,40250,0.0,0.25,0.75,0,0,0.0,False
mmlupro,40251,0.0,0.0,1.0,0,0,0.0,False
mmlupro,40252,0.0,0.25,-0.1,0,0,0.0,False
mmlupro,40253,0.0,1.0,0.0,0,0,0.0,False
mmlupro,40254,0.0,0.75,0.25,0,0,0.0,False
mmlupro,40255,0.03125,0.75,0.25,0,1,0.03125,False
mmlupro,40256,0.0,0.25,0.35,0,0,0.0,False
mmlupro,40257,0.0,0.75,0.25,0,0,0.0,False
mmlupro,40258,0.0,0.25,0.55,0,0,0.0,False
mmlupro,40259,0.0,0.0,1.0,0,0,0.0,False
mmlupro,40260,-0.05,0.0,0.65,0,0,0.0,False
mmlupro,40261,0.0,1.0,0.0,0,0,0.0,False
mmlupro,40262,-0.11875000000000002,0.125,0.175,0,17,0.53125,False
mmlupro,40263,0.25,0.625,0.07499999999999996,4,4,0.25,False
mmlupro,40264,0.0,1.0,0.0,0,0,0.0,False
mmlupro,40265,0.0,0.0,0.9,0,0,0.0,False
mmlupro,40266,0.0,0.0,1.0,0,0,0.0,False
mmlupro,40267,0.4,0.125,0.275,17,15,1.0,False
mmlupro,40268,0.012499999999999956,0.0,0.2,0,26,0.8125,False
mmlupro,40269,0.38749999999999996,0.0,0.1,5,25,0.9375,False
mmlupro,40270,-0.0062500000000000056,0.875,0.025000000000000022,0,3,0.09375,False
mmlupro,40271,0.0,0.875,-0.17500000000000004,0,0,0.0,False
mmlupro,40272,0.0,0.25,0.7,0,0,0.0,False
mmlupro,40273,0.15000000000000002,0.25,0.0,2,22,0.75,False
mmlupro,40274,0.06874999999999998,0.0,0.1,1,30,0.96875,False
mmlupro,40275,0.0,0.875,0.125,0,0,0.0,False
mmlupro,40276,0.125,1.0,0.0,4,0,0.125,False
mmlupro,40277,0.3125,0.5,0.19999999999999996,6,4,0.3125,False
mmlupro,40278,0.11249999999999999,0.125,0.42500000000000004,2,16,0.5625,False
mmlupro,40279,0.03125,0.0,0.0,1,0,0.03125,False
mmlupro,40280,0.03125,0.875,0.125,1,0,0.03125,False
mmlupro,40281,0.03125,0.0,0.2,1,0,0.03125,False
mmlupro,40282,0.0,0.75,0.25,0,0,0.0,False
mmlupro,40283,0.0,0.375,-0.125,0,0,0.0,False
mmlupro,40284,0.21875,0.0,0.1,7,0,0.21875,False
mmlupro,40285,0.0,1.0,0.0,0,0,0.0,False
mmlupro,40286,0.0,0.5,0.5,0,0,0.0,False
mmlupro,40287,0.53125,0.0,0.1,1,16,0.53125,False
mmlupro,40288,0.1375,0.125,-0.075,1,5,0.1875,False
mmlupro,40289,0.0,0.0,0.0,0,0,0.0,False
mmlupro,40290,0.0,0.5,0.5,0,0,0.0,False
mmlupro,40291,0.0,0.0,1.0,0,0,0.0,False
mmlupro,40292,0.21875,0.0,0.0,2,5,0.21875,False
mmlupro,40293,0.3125,0.0,0.8,0,10,0.3125,False
mmlupro,40294,0.04375,0.0,0.0,0,3,0.09375,False
mmlupro,40295,0.0,0.0,0.0,0,0,0.0,False
mmlupro,40296,0.04999999999999999,0.875,-0.07499999999999996,0,8,0.25,False
mmlupro,40297,0.0,1.0,-0.050000000000000044,0,0,0.0,False
mmlupro,40298,0.0,0.5,0.4,0,0,0.0,False
mmlupro,40299,0.0,0.0,1.0,0,0,0.0,False
mmlupro,40300,0.09375,0.0,0.7,3,0,0.09375,False
mmlupro,40301,0.0,0.0,0.0,0,32,1.0,False
mmlupro,40302,0.25,0.25,0.15000000000000002,7,1,0.25,False
mmlupro,40303,0.0,0.0,1.0,0,0,0.0,False
mmlupro,40304,0.0,1.0,-1.0,0,0,0.0,False
mmlupro,40305,0.0,1.0,0.0,0,0,0.0,False
mmlupro,40306,0.0,1.0,0.0,0,0,0.0,False
mmlupro,40307,0.0,0.0,0.0,0,0,0.0,False
mmlupro,40308,0.0,0.0,1.0,0,0,0.0,False
mmlupro,40309,0.0,0.875,0.07499999999999996,0,0,0.0,False
mmlupro,40310,0.03125,0.0,0.0,1,0,0.03125,False
mmlupro,40311,0.28125,0.0,0.0,7,2,0.28125,False
mmlupro,40312,0.0,0.125,0.675,0,0,0.0,False
mmlupro,40313,0.0,0.75,-0.7,0,0,0.0,False
mmlupro,40314,0.0,0.0,0.95,0,0,0.0,False
mmlupro,40315,0.0625,0.0,0.75,0,2,0.0625,False
mmlupro,40316,0.0,0.0,1.0,0,0,0.0,False
mmlupro,40317,0.09375,0.375,0.025000000000000022,0,3,0.09375,False
mmlupro,40318,0.4375,0.5,0.44999999999999996,2,12,0.4375,False
mmlupro,40319,0.0,0.625,0.17500000000000004,0,0,0.0,False
mmlupro,40320,0.0,0.0,1.0,0,0,0.0,False
mmlupro,40321,0.0,0.625,-0.625,0,0,0.0,False
mmlupro,40322,0.0,1.0,0.0,0,0,0.0,False
mmlupro,40323,0.0,0.0,1.0,0,0,0.0,False
mmlupro,40324,0.0,1.0,0.0,0,0,0.0,False
mmlupro,40325,0.03125,0.0,0.9,1,0,0.03125,False
mmlupro,40326,0.45,0.0,0.0,6,10,0.5,False
mmlupro,40327,0.0,0.0,0.0,0,0,0.0,False
mmlupro,40328,0.0,0.125,0.875,0,0,0.0,False
mmlupro,40329,0.1875,1.0,0.0,4,2,0.1875,False
mmlupro,40330,0.0,0.625,-0.22499999999999998,0,0,0.0,False
mmlupro,40331,0.0,1.0,0.0,0,0,0.0,False
mmlupro,40332,0.0,0.0,0.9,0,0,0.0,False
mmlupro,40333,0.0,0.875,0.125,0,0,0.0,False
mmlupro,40334,0.0,0.5,0.5,0,0,0.0,False
mmlupro,40335,0.0,0.0,0.8,0,0,0.0,False
mmlupro,40336,0.0,0.375,0.525,0,0,0.0,False
mmlupro,40337,0.0625,1.0,0.0,2,0,0.0625,False
mmlupro,40338,0.40625,0.0,0.0,12,1,0.40625,False
mmlupro,40339,0.0,0.0,0.0,0,0,0.0,False
mmlupro,40340,0.51875,1.0,-0.44999999999999996,8,23,0.96875,False
mmlupro,40341,0.0,0.0,1.0,0,0,0.0,False
mmlupro,40342,0.0,0.0,0.95,0,0,0.0,False
mmlupro,40343,0.125,0.0,0.55,0,4,0.125,False
mmlupro,40344,0.0,0.0,0.05,0,0,0.0,False
mmlupro,40345,0.0,1.0,0.0,0,0,0.0,False
mmlupro,40346,0.0,0.125,0.875,0,0,0.0,False
mmlupro,40347,0.59375,0.0,0.0,11,8,0.59375,False
mmlupro,40348,0.03125,1.0,0.0,1,0,0.03125,False
mmlupro,40349,0.0,0.0,0.2,0,0,0.0,False
mmlupro,40350,0.0,0.125,0.825,0,0,0.0,False
mmlupro,40351,0.0,0.0,1.0,0,0,0.0,False
mmlupro,40352,0.0,0.0,1.0,0,0,0.0,False
mmlupro,40353,0.125,0.5,-0.09999999999999998,0,4,0.125,False
mmlupro,40354,0.0,0.0,0.9,0,0,0.0,False
mmlupro,40355,0.0,0.0,1.0,0,0,0.0,False
mmlupro,40356,0.0,0.125,0.875,0,0,0.0,False
mmlupro,40357,0.0,0.375,0.625,0,0,0.0,False
mmlupro,40358,0.0,1.0,0.0,0,0,0.0,False
mmlupro,40359,0.0,0.0,1.0,0,0,0.0,False
mmlupro,40360,0.0,0.0,1.0,0,0,0.0,False
mmlupro,40361,0.6,0.875,-0.675,15,17,1.0,False
mmlupro,40362,0.0625,1.0,0.0,0,2,0.0625,False
mmlupro,40363,0.53125,0.25,0.2,7,10,0.53125,True
mmlupro,40364,0.1875,0.0,0.0,6,0,0.1875,False
mmlupro,40365,0.0,0.0,1.0,0,0,0.0,False
mmlupro,40366,0.0,0.0,0.0,0,0,0.0,False
mmlupro,40367,0.0,1.0,0.0,0,0,0.0,False
mmlupro,40368,0.03125,0.0,0.75,1,0,0.03125,False
mmlupro,40369,0.0625,0.0,0.9,0,2,0.0625,False
mmlupro,40370,0.0625,0.0,0.9,2,0,0.0625,False
mmlupro,40371,0.475,0.25,0.09999999999999998,0,20,0.625,False
mmlupro,40372,-0.037500000000000006,0.5,0.35,0,2,0.0625,False
mmlupro,40373,0.0,0.0,1.0,0,0,0.0,False
mmlupro,40374,0.0,0.0,1.0,0,0,0.0,False
mmlupro,40375,0.4625,0.375,0.275,16,2,0.5625,False
mmlupro,40376,0.0,0.375,-0.125,0,0,0.0,False
mmlupro,40377,0.09375,1.0,0.0,3,0,0.09375,False
mmlupro,40378,0.0,1.0,0.0,0,0,0.0,False
mmlupro,40379,0.0,0.625,0.375,0,0,0.0,False
mmlupro,40380,0.51875,0.0,0.45,14,17,0.96875,True
mmlupro,40381,0.0,0.875,0.07499999999999996,0,0,0.0,False
mmlupro,40382,0.0,0.375,0.625,0,0,0.0,False
mmlupro,40383,0.475,0.0,0.0,5,15,0.625,False
mmlupro,40384,0.0,1.0,-0.09999999999999998,0,0,0.0,False
mmlupro,40385,0.0,1.0,0.0,0,0,0.0,False
mmlupro,40386,0.0,0.125,0.875,0,0,0.0,False
mmlupro,40387,0.375,0.25,-0.15,4,8,0.375,False
mmlupro,40388,0.0,0.125,0.875,0,0,0.0,False
mmlupro,40389,0.050000000000000044,0.0,0.0,4,28,1.0,False
mmlupro,40390,0.0,1.0,-0.15000000000000002,0,0,0.0,False
mmlupro,40391,0.0,0.0,1.0,0,0,0.0,False
mmlupro,40392,0.09375,0.0,0.15,1,2,0.09375,False
mmlupro,40393,0.03125,0.0,0.0,1,0,0.03125,False
mmlupro,40394,0.0,1.0,0.0,0,0,0.0,False
mmlupro,40395,0.0,0.875,0.125,0,0,0.0,False
mmlupro,40396,0.0,0.875,0.025000000000000022,0,0,0.0,False
mmlupro,40397,0.0,0.375,-0.125,0,0,0.0,False
mmlupro,40398,0.74375,0.125,0.725,17,10,0.84375,True
mmlupro,40399,0.0625,0.375,-0.375,1,1,0.0625,False
mmlupro,40400,-0.05,0.125,0.725,0,0,0.0,False
mmlupro,40401,0.0,0.25,-0.25,0,0,0.0,False
mmlupro,40402,0.03125,0.0,0.8,1,0,0.03125,False
mmlupro,40403,0.0,0.0,1.0,0,0,0.0,False
mmlupro,40404,0.0,0.875,0.125,0,0,0.0,False
mmlupro,40405,0.0,0.375,0.625,0,0,0.0,False
mmlupro,40406,0.0,1.0,0.0,0,0,0.0,False
mmlupro,40407,0.0,0.25,0.75,0,0,0.0,False
mmlupro,40408,0.0,0.75,-0.35,0,0,0.0,False
mmlupro,40409,0.0,0.25,0.75,0,0,0.0,False
mmlupro,40410,0.0,0.375,-0.375,0,0,0.0,False
mmlupro,40411,0.0,0.5,-0.4,0,0,0.0,False
mmlupro,40412,0.15625,1.0,0.0,1,4,0.15625,False
mmlupro,40413,0.0,0.875,0.125,0,0,0.0,False
mmlupro,40414,0.35625,0.0,0.7,0,21,0.65625,False
mmlupro,40415,0.03125,0.5,-0.04999999999999999,1,0,0.03125,False
mmlupro,40416,0.0,1.0,0.0,0,0,0.0,False
mmlupro,40417,0.0,1.0,0.0,0,0,0.0,False
mmlupro,40418,0.0,0.0,0.05,0,0,0.0,False
mmlupro,40419,0.0,0.0,1.0,0,0,0.0,False
mmlupro,40420,0.0,0.75,0.25,0,0,0.0,False
mmlupro,40421,0.0,1.0,0.0,0,0,0.0,False
mmlupro,40422,0.0,0.0,0.75,0,0,0.0,False
mmlupro,40423,0.0,0.0,0.15,0,0,0.0,False
mmlupro,40424,0.15625,0.25,0.30000000000000004,5,0,0.15625,False
mmlupro,40425,0.0,0.25,-0.25,0,0,0.0,False
mmlupro,40426,0.1875,0.0,0.0,4,2,0.1875,False
mmlupro,40427,0.0,0.0,1.0,0,0,0.0,False
mmlupro,40428,0.0,1.0,0.0,0,0,0.0,False
mmlupro,40429,0.28125,0.0,0.2,1,8,0.28125,False
mmlupro,40430,0.0,0.5,-0.25,0,0,0.0,False
mmlupro,40431,0.0,0.0,1.0,0,0,0.0,False
mmlupro,40432,0.0,0.0,0.0,0,0,0.0,False
mmlupro,40433,0.0,0.5,-0.3,0,0,0.0,False
mmlupro,40434,0.0,0.25,-0.15,0,0,0.0,False
mmlupro,40435,0.55625,0.0,0.75,8,13,0.65625,True
mmlupro,40436,0.09375,0.0,1.0,0,3,0.09375,False
mmlupro,40437,0.0,0.125,0.875,0,0,0.0,False
mmlupro,40438,0.0,0.0,0.95,0,0,0.0,False
mmlupro,40439,0.25,0.0,0.8,2,6,0.25,False
mmlupro,40440,0.09375,0.0,0.0,3,0,0.09375,False
mmlupro,40441,0.0,0.875,0.125,0,0,0.0,False
mmlupro,40442,0.0,1.0,0.0,0,0,0.0,False
mmlupro,40443,0.0,0.375,0.625,0,0,0.0,False
mmlupro,40444,0.03125,0.0,0.2,0,1,0.03125,False
mmlupro,40445,0.0,0.0,1.0,0,0,0.0,False
mmlupro,40446,0.10625,0.0,0.1,1,4,0.15625,False
mmlupro,40447,0.0,1.0,0.0,0,0,0.0,False
mmlupro,40448,0.34375,0.625,-0.575,7,4,0.34375,False
mmlupro,40449,0.4375,1.0,0.0,1,13,0.4375,False
mmlupro,40450,0.0,1.0,0.0,0,0,0.0,False
mmlupro,40451,0.0,0.125,0.875,0,0,0.0,False
mmlupro,40452,0.0,0.75,0.25,0,0,0.0,False
mmlupro,40453,0.0,0.125,0.875,0,0,0.0,False
mmlupro,40454,0.09375,0.5,-0.25,1,2,0.09375,False
mmlupro,40455,0.0,0.0,0.9,0,0,0.0,False
mmlupro,40456,0.0,0.0,0.05,0,0,0.0,False
mmlupro,40457,0.0625,0.125,0.775,2,0,0.0625,False
mmlupro,40458,0.0,0.0,0.9,0,0,0.0,False
mmlupro,40459,0.0,0.0,0.0,0,0,0.0,False
mmlupro,40460,0.0,0.0,0.15,0,0,0.0,False
mmlupro,40461,0.0,0.875,0.125,0,0,0.0,False
mmlupro,40462,0.1875,0.5,0.5,3,3,0.1875,False
mmlupro,40463,0.0,0.5,0.5,0,0,0.0,False
mmlupro,40464,0.0,0.0,0.9,0,0,0.0,False
mmlupro,40465,0.0,0.75,0.25,0,0,0.0,False
mmlupro,40466,0.0,0.125,0.775,0,0,0.0,False
mmlupro,40467,0.0,0.0,0.15,0,0,0.0,False
mmlupro,40468,0.0,0.875,0.07499999999999996,0,0,0.0,False
mmlupro,40469,0.0,0.625,0.375,0,0,0.0,False
mmlupro,40470,0.0,0.875,0.125,0,0,0.0,False
mmlupro,40471,0.44999999999999996,0.0,0.0,31,1,1.0,False
mmlupro,40472,0.0,1.0,0.0,0,0,0.0,False
mmlupro,40473,0.0,0.0,1.0,0,0,0.0,False
mmlupro,40474,0.15625,0.0,0.95,5,0,0.15625,False
mmlupro,40475,0.0,0.875,0.125,0,0,0.0,False
mmlupro,40476,0.71875,0.0,0.0,18,5,0.71875,False
mmlupro,40477,0.0625,0.625,-0.425,0,2,0.0625,False
mmlupro,40478,0.03125,0.0,0.0,1,0,0.03125,False
mmlupro,40479,0.15000000000000002,0.375,-0.325,8,8,0.5,False
mmlupro,40480,0.0,0.0,0.15,0,0,0.0,False
mmlupro,40481,0.0,0.5,0.5,0,0,0.0,False
mmlupro,40482,0.0,0.875,-0.675,0,0,0.0,False
mmlupro,40483,0.0,1.0,0.0,0,0,0.0,False
mmlupro,40484,0.03125,0.0,0.75,1,0,0.03125,False
mmlupro,40485,0.0,0.25,0.75,0,0,0.0,False
mmlupro,40486,0.0,0.0,0.15,0,0,0.0,False
mmlupro,40487,0.0,0.0,0.95,0,0,0.0,False
mmlupro,40488,0.0,0.625,-0.625,0,0,0.0,False
mmlupro,40489,0.0,1.0,0.0,0,0,0.0,False
mmlupro,40490,0.03125,0.0,0.0,0,1,0.03125,False
mmlupro,40491,0.575,0.0,0.15,15,5,0.625,False
mmlupro,40492,0.0,0.0,0.0,0,0,0.0,False
mmlupro,40493,0.0,1.0,0.0,0,0,0.0,False
mmlupro,40494,0.0,0.0,0.95,0,0,0.0,False
mmlupro,40495,0.0,0.0,1.0,0,0,0.0,False
mmlupro,40496,0.0,1.0,0.0,0,0,0.0,False
mmlupro,40497,0.34375,0.25,0.6,9,2,0.34375,False
mmlupro,40498,0.0,1.0,0.0,0,0,0.0,False
mmlupro,40499,0.0,0.0,1.0,0,0,0.0,False
