ds,pi,gap,follow,nV,nS
gpqa,20000,0.125,0.125,4,0
gpqa,20001,0.26875,0.46875,14,1
gpqa,20002,0.0,0.0,0,0
gpqa,20003,0.4375,0.9375,29,1
gpqa,20004,0.0,0.0,0,0
gpqa,20005,0.0,0.0,0,0
gpqa,20006,0.0,0.0,0,0
gpqa,20007,0.69375,0.84375,21,6
gpqa,20008,0.56875,0.71875,21,2
gpqa,20009,0.8,1.0,32,0
gpqa,20010,0.90625,0.90625,28,1
gpqa,20011,0.0,0.0,0,0
gpqa,20012,0.96875,0.96875,31,0
gpqa,20013,0.30625,0.90625,17,12
gpqa,20014,0.0,0.0,0,0
gpqa,20015,0.1375,0.1875,6,0
gpqa,20016,0.0,0.0,0,0
gpqa,20017,0.0,0.0,0,0
gpqa,20018,0.60625,0.65625,19,2
gpqa,20019,0.34375,0.34375,11,0
gpqa,20020,0.0,0.0,0,0
gpqa,20021,0.15,0.25,6,2
gpqa,20022,0.17500000000000004,0.875,15,13
gpqa,20023,0.056249999999999994,0.15625,5,0
gpqa,20024,0.2375,0.4375,8,6
gpqa,20025,0.25,0.25,8,0
gpqa,20026,0.3125,0.3125,10,0
gpqa,20027,0.46875,0.71875,23,0
gpqa,20028,0.15625,0.15625,4,1
gpqa,20029,0.0,0.0,0,0
gpqa,20030,0.08750000000000002,0.4375,12,2
gpqa,20031,0.0625,0.0625,2,0
gpqa,20032,0.66875,0.96875,30,1
gpqa,20033,0.40625,0.40625,12,1
gpqa,20034,0.81875,0.96875,31,0
gpqa,20035,0.09375,0.34375,10,1
gpqa,20036,0.21250000000000002,0.8125,26,0
gpqa,20037,0.0625,0.0625,2,0
gpqa,20038,0.03125,0.03125,1,0
gpqa,20039,0.7625,0.8125,26,0
gpqa,20040,0.0,0.0,0,0
gpqa,20041,0.0,0.0,0,0
gpqa,20042,0.10625,0.15625,3,2
gpqa,20043,0.15625,0.15625,4,1
gpqa,20044,0.28125,0.28125,9,0
gpqa,20045,0.28125,0.28125,9,0
gpqa,20046,0.0,0.0,0,0
gpqa,20047,-0.025000000000000022,0.375,11,1
gpqa,20048,0.66875,0.71875,21,2
gpqa,20049,0.03125,0.03125,1,0
gpqa,20050,0.35,0.5,13,3
gpqa,20051,0.0,0.0,0,0
gpqa,20052,0.125,0.125,4,0
gpqa,20053,0.09375,0.09375,3,0
gpqa,20054,0.3875,0.6875,21,1
gpqa,20055,0.03125,0.03125,1,0
gpqa,20056,0.0625,0.0625,2,0
gpqa,20057,0.0,0.0,0,0
gpqa,20058,0.0,0.0,0,0
gpqa,20059,0.21875,0.21875,7,0
gpqa,20060,0.09375,0.09375,3,0
gpqa,20061,0.84375,0.84375,27,0
gpqa,20062,0.0,0.0,0,0
gpqa,20063,0.09375,0.09375,2,1
gpqa,20064,0.25,0.25,8,0
gpqa,20065,0.0625,0.0625,2,0
gpqa,20066,0.0,0.0,0,0
gpqa,20067,0.0,0.0,0,0
gpqa,20068,0.0,0.0,0,0
gpqa,20069,0.6875,0.6875,22,0
gpqa,20070,0.0,0.0,0,0
gpqa,20071,0.8,1.0,32,0
gpqa,20072,0.0,0.0,0,0
gpqa,20073,0.0,0.0,0,0
gpqa,20074,0.03125,0.03125,1,0
gpqa,20075,0.9,1.0,32,0
gpqa,20076,0.40625,0.40625,13,0
gpqa,20077,0.125,0.125,3,1
gpqa,20078,0.4375,0.4375,12,2
gpqa,20079,0.0,0.0,0,0
gpqa,20080,0.46875,0.46875,15,0
gpqa,20081,0.050000000000000044,1.0,30,2
gpqa,20082,0.0,0.0,0,0
gpqa,20083,0.34375,0.34375,11,0
gpqa,20084,0.0,0.0,0,0
gpqa,20085,0.0625,0.0625,2,0
gpqa,20086,0.1875,0.1875,5,1
gpqa,20087,0.0,0.0,0,0
gpqa,20088,0.75,0.75,24,0
gpqa,20089,0.425,0.875,25,3
gpqa,20090,0.59375,0.59375,19,0
gpqa,20091,0.0625,0.0625,2,0
gpqa,20092,0.43125,0.78125,23,2
gpqa,20093,0.55,1.0,29,3
gpqa,20094,0.44375,0.59375,14,5
gpqa,20095,0.0,0.0,0,0
gpqa,20096,0.3125,0.3125,10,0
gpqa,20097,0.28125,0.28125,9,0
gpqa,20098,0.39375,0.59375,16,3
gpqa,20099,0.125,0.625,13,7
gpqa,20100,0.31875,0.46875,14,1
gpqa,20101,0.625,0.875,22,6
gpqa,20102,0.125,0.125,4,0
gpqa,20103,0.0,0.0,0,0
gpqa,20104,0.0625,0.0625,2,0
gpqa,20105,0.40625,0.40625,13,0
gpqa,20106,0.46875,0.46875,11,4
gpqa,20107,0.0,0.0,0,0
gpqa,20108,0.2625,0.3125,10,0
gpqa,20109,0.175,0.375,11,1
gpqa,20110,0.40625,0.40625,13,0
gpqa,20111,0.0,0.0,0,0
gpqa,20112,0.0,0.0,0,0
gpqa,20113,0.09999999999999998,1.0,19,13
gpqa,20114,0.0,0.0,0,0
gpqa,20115,0.65625,0.65625,19,2
gpqa,20116,0.075,0.125,4,0
gpqa,20117,0.68125,0.78125,25,0
gpqa,20118,0.0,1.0,22,10
gpqa,20119,0.03125,0.03125,1,0
gpqa,20120,0.65625,0.90625,25,4
gpqa,20121,0.2,0.25,8,0
gpqa,20122,0.0,0.0,0,0
gpqa,20123,0.0,0.0,0,0
gpqa,20124,0.0,0.0,0,0
gpqa,20125,0.0625,0.0625,1,1
gpqa,20126,0.91875,0.96875,30,1
gpqa,20127,0.5,0.5,16,0
gpqa,20128,0.65625,0.65625,18,3
gpqa,20129,-0.03125,0.96875,25,6
gpqa,20130,0.95,1.0,11,21
gpqa,20131,0.15625,0.15625,4,1
gpqa,20132,0.0,0.0,0,0
gpqa,20133,0.0,0.0,0,0
gpqa,20134,0.0,0.0,0,0
gpqa,20135,0.0625,0.0625,2,0
gpqa,20136,0.4625,0.8125,25,1
gpqa,20137,0.0625,0.0625,2,0
gpqa,20138,0.625,0.625,20,0
gpqa,20139,0.0625,0.0625,2,0
gpqa,20140,0.38749999999999996,0.9375,25,5
gpqa,20141,0.0,0.0,0,0
gpqa,20142,0.25,0.25,7,1
gpqa,20143,-0.05,0.0,0,0
gpqa,20144,0.11875,0.21875,5,2
gpqa,20145,1.0,1.0,31,1
gpqa,20146,0.03125,0.03125,1,0
gpqa,20147,0.6625,0.8125,24,2
gpqa,20148,0.0,0.0,0,0
gpqa,20149,0.5125,0.5625,11,7
gpqa,20150,0.0,0.0,0,0
gpqa,20151,0.03125,0.03125,1,0
gpqa,20152,0.2625,0.3125,10,0
gpqa,20153,0.15625,0.15625,4,1
gpqa,20154,0.0,0.0,0,0
gpqa,20155,0.0625,0.0625,2,0
gpqa,20156,0.0,0.0,0,0
gpqa,20157,0.25,0.25,7,1
gpqa,20158,0.24375,0.34375,7,4
gpqa,20159,0.06874999999999998,0.46875,14,1
gpqa,20160,0.0625,0.0625,2,0
gpqa,20161,0.0,0.0,0,0
gpqa,20162,0.16875,0.21875,5,2
gpqa,20163,-0.018750000000000003,0.03125,0,1
gpqa,20164,0.03125,0.03125,1,0
gpqa,20165,0.125,0.125,4,0
gpqa,20166,0.03125,0.03125,0,1
gpqa,20167,0.4,1.0,30,2
gpqa,20168,0.075,0.125,3,1
gpqa,20169,0.0,0.0,0,0
gpqa,20170,0.25,0.25,8,0
gpqa,20171,0.0,0.0,0,0
gpqa,20172,0.03125,0.03125,1,0
gpqa,20173,0.08124999999999999,0.28125,3,6
gpqa,20174,0.0,0.0,0,0
gpqa,20175,0.0,0.0,0,0
gpqa,20176,0.1875,0.1875,5,1
gpqa,20177,0.06875,0.21875,4,3
gpqa,20178,0.0,0.0,0,0
gpqa,20179,0.0,0.0,0,0
gpqa,20180,0.65,0.75,21,3
gpqa,20181,0.0,0.0,0,0
gpqa,20182,0.16249999999999998,0.5625,10,8
gpqa,20183,0.65625,0.65625,20,1
gpqa,20184,-0.05,0.0,0,0
gpqa,20185,1.0,1.0,25,7
gpqa,20186,-0.012500000000000011,0.4375,13,1
gpqa,20187,0.125,0.125,4,0
gpqa,20188,0.40625,0.40625,12,1
gpqa,20189,0.0,0.0,0,0
gpqa,20190,0.21875,0.21875,5,2
gpqa,20191,0.0,0.0,0,0
gpqa,20192,0.0,0.0,0,0
gpqa,20193,0.0,0.0,0,0
gpqa,20194,0.46875,0.46875,15,0
gpqa,20195,0.0,0.0,0,0
gpqa,20196,0.125,0.125,2,2
gpqa,20197,0.03125,0.03125,1,0
mmlu,10100,0.15625,0.15625,3,2
mmlu,10101,0.0,1.0,13,19
mmlu,10102,0.0,0.0,0,0
mmlu,10103,0.0,0.0,0,0
mmlu,10104,0.0,0.0,0,0
mmlu,10105,0.0,0.0,0,0
mmlu,10106,0.03125,0.03125,1,0
mmlu,10107,0.0,0.0,0,0
mmlu,10108,0.0,0.0,0,0
mmlu,10109,0.75,0.75,24,0
mmlu,10110,0.0,0.0,0,0
mmlu,10111,0.4,0.5,7,9
mmlu,10112,0.0,0.0,0,0
mmlu,10113,0.0,0.0,0,0
mmlu,10114,0.5,0.5,12,4
mmlu,10115,-0.07500000000000001,0.125,2,2
mmlu,10116,0.0,0.0,0,0
mmlu,10117,0.6,1.0,23,9
mmlu,10118,0.0,0.0,0,0
mmlu,10119,0.125,0.125,4,0
mmlu,10120,0.0,0.0,0,0
mmlu,10121,0.64375,0.84375,24,3
mmlu,10122,0.0,0.0,0,0
mmlu,10123,0.0,0.0,0,0
mmlu,10124,0.0,0.0,0,0
mmlu,10125,0.0,0.0,0,0
mmlu,10126,0.0,0.0,0,0
mmlu,10127,0.3875,0.4375,14,0
mmlu,10128,0.0,0.0,0,0
mmlu,10129,0.0,0.0,0,0
mmlu,10130,0.49375,0.59375,19,0
mmlu,10131,-0.018750000000000044,0.78125,11,14
mmlu,10132,0.0,0.0,0,0
mmlu,10133,0.09375,0.09375,3,0
mmlu,10134,0.125,0.125,4,0
mmlu,10135,0.0,0.0,0,0
mmlu,10136,0.0,0.0,0,0
mmlu,10137,0.0,0.0,0,0
mmlu,10138,0.03125,0.03125,0,1
mmlu,10139,0.0,0.0,0,0
mmlu,10140,0.0,0.0,0,0
mmlu,10141,0.0,0.0,0,0
mmlu,10142,0.35624999999999996,0.90625,1,28
mmlu,10143,0.0,0.0,0,0
mmlu,10144,0.0,0.0,0,0
mmlu,10145,0.0,0.0,0,0
mmlu,10146,0.0,0.0,0,0
mmlu,10147,0.0,0.0,0,0
mmlu,10148,0.0,0.0,0,0
mmlu,10149,0.0,0.0,0,0
mmlu,10150,0.0,0.0,0,0
mmlu,10151,0.0,0.0,0,0
mmlu,10152,0.23750000000000004,0.9375,26,4
mmlu,10153,-0.03749999999999998,0.3125,9,1
mmlu,10154,0.0,0.0,0,0
mmlu,10155,0.0,0.0,0,0
mmlu,10156,0.0625,0.0625,2,0
mmlu,10157,0.0,0.0,0,0
mmlu,10158,0.0,0.0,0,0
mmlu,10159,0.21875,0.21875,5,2
mmlu,10160,0.0,0.0,0,0
mmlu,10161,0.0,0.0,0,0
mmlu,10162,0.0,0.0,0,0
mmlu,10163,-0.05,0.0,0,0
mmlu,10164,0.09375,0.09375,1,2
mmlu,10165,0.09375,0.09375,2,1
mmlu,10166,0.03125,0.03125,1,0
mmlu,10167,0.0,0.0,0,0
mmlu,10168,0.5,0.5,16,0
mmlu,10169,0.6875,0.6875,21,1
mmlu,10170,0.0,0.0,0,0
mmlu,10171,0.0,0.0,0,0
mmlu,10172,0.7625,0.8125,15,11
mmlu,10173,0.0,0.0,0,0
mmlu,10174,0.0,0.0,0,0
mmlu,10175,0.0,0.0,0,0
mmlu,10176,0.0,0.0,0,0
mmlu,10177,0.0,0.0,0,0
mmlu,10178,0.0,0.0,0,0
mmlu,10179,0.25,0.25,7,1
mmlu,10180,0.1875,0.1875,6,0
mmlu,10181,0.0,0.0,0,0
mmlu,10182,0.0,0.0,0,0
mmlu,10183,0.46875,0.46875,14,1
mmlu,10184,0.03125,0.03125,0,1
mmlu,10185,0.0,0.0,0,0
mmlu,10186,0.03125,0.03125,1,0
mmlu,10187,0.09375,0.09375,3,0
mmlu,10188,0.0,0.0,0,0
mmlu,10189,0.0,0.0,0,0
mmlu,10190,0.0,0.0,0,0
mmlu,10191,0.0,0.0,0,0
mmlu,10192,0.0,0.0,0,0
mmlu,10193,0.4,1.0,9,23
mmlu,10194,0.0,0.0,0,0
mmlu,10195,0.0,0.0,0,0
mmlu,10196,0.0,0.0,0,0
mmlu,10197,0.0,0.0,0,0
mmlu,10198,0.0,0.0,0,0
mmlu,10199,0.0,0.0,0,0
mmlu,10200,0.0,0.0,0,0
mmlu,10201,0.03125,0.03125,1,0
mmlu,10202,0.0,0.0,0,0
mmlu,10203,0.0,0.0,0,0
mmlu,10204,0.0,0.0,0,0
mmlu,10205,0.0625,0.0625,2,0
mmlu,10206,0.0,0.0,0,0
mmlu,10207,0.0,0.0,0,0
mmlu,10208,0.0,0.0,0,0
mmlu,10209,0.0,0.0,0,0
mmlu,10210,0.0,0.0,0,0
mmlu,10211,0.425,0.875,5,23
mmlu,10212,0.0,0.0,0,0
mmlu,10213,0.0,0.0,0,0
mmlu,10214,0.0625,0.0625,2,0
mmlu,10215,0.69375,0.84375,27,0
mmlu,10216,0.0,0.0,0,0
mmlu,10217,0.0,0.0,0,0
mmlu,10218,0.0,0.0,0,0
mmlu,10219,0.0,0.0,0,0
mmlu,10220,0.0,0.0,0,0
mmlu,10221,0.03125,0.03125,1,0
mmlu,10222,0.28125,0.28125,8,1
mmlu,10223,0.10624999999999996,0.90625,23,6
mmlu,10224,0.0,0.0,0,0
mmlu,10225,0.0,0.0,0,0
mmlu,10226,0.0,0.0,0,0
mmlu,10227,0.0,0.0,0,0
mmlu,10228,0.125,0.125,4,0
mmlu,10229,0.0,0.0,0,0
mmlu,10230,0.0,0.0,0,0
mmlu,10231,0.0,0.0,0,0
mmlu,10232,0.0,0.0,0,0
mmlu,10233,0.11875,0.21875,7,0
mmlu,10234,0.45,0.5,15,1
mmlu,10235,0.0,0.0,0,0
mmlu,10236,1.0,1.0,32,0
mmlu,10237,0.0,0.0,0,0
mmlu,10238,0.0,0.0,0,0
mmlu,10239,0.0,0.0,0,0
mmlu,10240,0.050000000000000044,1.0,25,7
mmlu,10241,0.0,0.0,0,0
mmlu,10242,0.0,0.0,0,0
mmlu,10243,0.375,0.375,2,10
mmlu,10244,0.0,0.0,0,0
mmlu,10245,0.0,0.0,0,0
mmlu,10246,0.04999999999999999,0.25,2,6
mmlu,10247,0.0,0.0,0,0
mmlu,10248,0.0625,0.0625,2,0
mmlu,10249,0.64375,0.84375,12,15
mmlu,10250,0.0,0.0,0,0
mmlu,10251,0.0625,0.0625,2,0
mmlu,10252,0.03125,0.03125,1,0
mmlu,10253,0.15625,0.15625,5,0
mmlu,10254,0.0,0.0,0,0
mmlu,10255,0.09375,0.09375,2,1
mmlu,10256,0.0,0.0,0,0
mmlu,10257,0.03125,0.03125,1,0
mmlu,10258,0.0625,0.0625,1,1
mmlu,10259,-0.21875,0.53125,8,9
mmlu,10260,0.0,0.0,0,0
mmlu,10261,0.075,0.125,1,3
mmlu,10262,0.0,0.0,0,0
mmlu,10263,0.0,0.0,0,0
mmlu,10264,0.0,0.0,0,0
mmlu,10265,0.03125,0.03125,1,0
mmlu,10266,0.0,0.0,0,0
mmlu,10267,0.0,0.0,0,0
mmlu,10268,0.0,0.0,0,0
mmlu,10269,0.2625,0.3125,6,4
mmlu,10270,0.43125,0.78125,17,8
mmlu,10271,0.0,0.0,0,0
mmlu,10272,0.0,0.0,0,0
mmlu,10273,0.0,0.0,0,0
mmlu,10274,0.0,0.0,0,0
mmlu,10275,0.0,0.0,0,0
mmlu,10276,0.0,0.0,0,0
mmlu,10277,0.23750000000000004,0.9375,30,0
mmlu,10278,0.0,0.0,0,0
mmlu,10279,0.0,0.0,0,0
mmlu,10280,0.0,0.0,0,0
mmlu,10281,0.0,0.0,0,0
mmlu,10282,0.03125,0.03125,1,0
mmlu,10283,0.09375,0.09375,2,1
mmlu,10284,0.55625,0.90625,29,0
mmlu,10285,0.0,0.0,0,0
mmlu,10286,0.0,0.0,0,0
mmlu,10287,0.0,0.0,0,0
mmlu,10288,0.18125,0.28125,7,2
mmlu,10289,0.0,0.0,0,0
mmlu,10290,0.0,0.0,0,0
mmlu,10291,0.0,0.0,0,0
mmlu,10292,0.0,0.0,0,0
mmlu,10293,0.0625,0.0625,2,0
mmlu,10294,0.4375,0.4375,14,0
mmlu,10295,0.0,0.0,0,0
mmlu,10296,0.09375,0.09375,3,0
mmlu,10297,0.0625,0.0625,2,0
mmlu,10298,0.28125,0.28125,9,0
mmlu,10299,0.41875,0.46875,13,2
mmlu,10300,0.0,0.0,0,0
mmlu,10301,0.65625,0.65625,19,2
mmlu,10302,0.0,0.0,0,0
mmlu,10303,0.0,0.0,0,0
mmlu,10304,0.0,0.0,0,0
mmlu,10305,0.24375,0.34375,11,0
mmlu,10306,0.0,0.0,0,0
mmlu,10307,0.0,0.0,0,0
mmlu,10308,0.61875,0.96875,23,8
mmlu,10309,0.0,0.0,0,0
mmlu,10310,0.0,0.0,0,0
mmlu,10311,0.0,0.0,0,0
mmlu,10312,0.45625,0.65625,10,11
mmlu,10313,0.0,1.0,32,0
mmlu,10314,0.0,0.0,0,0
mmlu,10315,0.0,0.0,0,0
mmlu,10316,0.0,0.0,0,0
mmlu,10317,0.0,0.0,0,0
mmlu,10318,0.0,0.0,0,0
mmlu,10319,0.09375,0.09375,3,0
mmlu,10320,0.0,0.0,0,0
mmlu,10321,0.0,0.0,0,0
mmlu,10322,0.0,0.0,0,0
mmlu,10323,0.03125,0.03125,1,0
mmlu,10324,0.0,0.0,0,0
mmlu,10325,0.0,0.0,0,0
mmlu,10326,0.0,1.0,28,4
mmlu,10327,0.0,0.0,0,0
mmlu,10328,0.0,0.0,0,0
mmlu,10329,0.125,0.125,4,0
mmlu,10330,0.09375,0.09375,3,0
mmlu,10331,0.9375,0.9375,30,0
mmlu,10332,0.0,0.0,0,0
mmlu,10333,0.0,0.0,0,0
mmlu,10334,0.3375,0.6875,11,11
mmlu,10335,0.09375,0.09375,3,0
mmlu,10336,0.35624999999999996,0.90625,23,6
mmlu,10337,0.54375,0.59375,14,5
mmlu,10338,0.75,0.75,24,0
mmlu,10339,0.375,0.375,11,1
mmlu,10340,0.71875,0.71875,23,0
mmlu,10341,0.0,0.0,0,0
mmlu,10342,0.0,0.0,0,0
mmlu,10343,0.09375,0.09375,3,0
mmlu,10344,0.0,0.0,0,0
mmlu,10345,0.0,0.0,0,0
mmlu,10346,0.0,0.0,0,0
mmlu,10347,0.30000000000000004,1.0,32,0
mmlu,10348,0.7375,0.9375,30,0
mmlu,10349,0.10625,0.15625,5,0
mmlu,10350,0.0,0.0,0,0
mmlu,10351,0.0,0.0,0,0
mmlu,10352,0.0,0.0,0,0
mmlu,10353,0.56875,0.71875,12,11
mmlu,10354,0.125,0.125,4,0
mmlu,10355,0.0,0.0,0,0
mmlu,10356,0.0,0.0,0,0
mmlu,10357,0.1875,0.1875,6,0
mmlu,10358,0.70625,0.90625,25,4
mmlu,10359,0.0,0.0,0,0
mmlu,10360,0.125,0.125,4,0
mmlu,10361,0.0,0.0,0,0
mmlu,10362,0.0,0.0,0,0
mmlu,10363,0.41874999999999996,0.96875,30,1
mmlu,10364,0.0,0.0,0,0
mmlu,10365,0.0,0.0,0,0
mmlu,10366,0.125,0.125,3,1
mmlu,10367,0.0625,0.0625,1,1
mmlu,10368,0.36875,0.96875,24,7
mmlu,10369,0.0,0.0,0,0
mmlu,10370,0.19999999999999996,1.0,28,4
mmlu,10371,0.09375,0.09375,3,0
mmlu,10372,0.03125,0.03125,1,0
mmlu,10373,0.0,0.0,0,0
mmlu,10374,0.0,0.0,0,0
mmlu,10375,0.0,0.0,0,0
mmlu,10376,0.5625,0.5625,18,0
mmlu,10377,0.0,0.0,0,0
mmlu,10378,0.21875,0.21875,6,1
mmlu,10379,0.09375,0.09375,3,0
mmlu,10380,0.0,0.0,0,0
mmlu,10381,0.0,0.0,0,0
mmlu,10382,0.0,0.0,0,0
mmlu,10383,0.0,0.0,0,0
mmlu,10384,0.0,0.0,0,0
mmlu,10385,0.0,0.0,0,0
mmlu,10386,0.54375,0.59375,17,2
mmlu,10387,0.0,0.0,0,0
mmlu,10388,0.0,0.0,0,0
mmlu,10389,0.0,0.0,0,0
mmlu,10390,0.45,0.5,14,2
mmlu,10391,0.0,0.0,0,0
mmlu,10392,0.0,1.0,23,9
mmlu,10393,0.0,0.0,0,0
mmlu,10394,0.0,0.0,0,0
mmlu,10395,0.0,0.0,0,0
mmlu,10396,0.10625000000000001,0.40625,10,3
mmlu,10397,0.25,0.25,8,0
mmlu,10398,0.3,0.5,10,6
mmlu,10399,0.0,0.0,0,0
